-- phpMyAdmin SQL Dump
-- version 4.6.5.2
-- https://www.phpmyadmin.net/
--
-- Host: 127.0.0.1
-- Erstellungszeit: 04. Jul 2017 um 17:28
-- Server-Version: 10.1.21-MariaDB
-- PHP-Version: 7.1.1

SET SQL_MODE = "NO_AUTO_VALUE_ON_ZERO";
SET time_zone = "+00:00";


/*!40101 SET @OLD_CHARACTER_SET_CLIENT=@@CHARACTER_SET_CLIENT */;
/*!40101 SET @OLD_CHARACTER_SET_RESULTS=@@CHARACTER_SET_RESULTS */;
/*!40101 SET @OLD_COLLATION_CONNECTION=@@COLLATION_CONNECTION */;
/*!40101 SET NAMES utf8mb4 */;

--
-- Datenbank: `baustoff_produkte_import`
--

-- --------------------------------------------------------

--
-- Tabellenstruktur für Tabelle `baustoff_kategorie`
--

CREATE TABLE `baustoff_kategorie` (
  `uid` int(11) NOT NULL,
  `pid` int(11) NOT NULL,
  `name` varchar(255) COLLATE utf8_unicode_ci NOT NULL,
  `bild` text COLLATE utf8_unicode_ci,
  `tstamp` int(11) NOT NULL,
  `crdate` int(11) NOT NULL,
  `deleted` tinyint(1) NOT NULL,
  `hidden` tinyint(1) NOT NULL,
  `t3_origuid` int(11) NOT NULL,
  `sys_language_uid` int(11) NOT NULL,
  `l10n_parent` int(11) NOT NULL,
  `produkt` int(11) NOT NULL,
  `farbe` int(11) NOT NULL
) ENGINE=InnoDB DEFAULT CHARSET=utf8 COLLATE=utf8_unicode_ci;

-- --------------------------------------------------------

--
-- Tabellenstruktur für Tabelle `baustoff_produkt`
--

CREATE TABLE `baustoff_produkt` (
  `uid` int(11) NOT NULL,
  `pid` int(11) NOT NULL,
  `name` varchar(255) NOT NULL,
  `bezeichnung` varchar(255) NOT NULL,
  `eingangstext` text NOT NULL,
  `bild` text NOT NULL,
  `eigenschaften` text NOT NULL,
  `anwendungsbereiche` text NOT NULL,
  `geeigneteuntergruende` text NOT NULL,
  `mischverhaeltnis` text NOT NULL,
  `materialdichte` text NOT NULL,
  `rollenmasse` text NOT NULL,
  `raumgewicht` text NOT NULL,
  `temperaturbestaendigkeit` text NOT NULL,
  `waermedurchlasswiderstand` text NOT NULL,
  `trittschallverbesserungsmass` text NOT NULL,
  `materialbasis` text NOT NULL,
  `farbtoene` text NOT NULL,
  `anmischverhaeltnis` text NOT NULL,
  `optimalerwasserstoffwert` text NOT NULL,
  `reifezeit` text NOT NULL,
  `belegreife` text NOT NULL,
  `einlegezeit` text NOT NULL,
  `verarbeitungszeit` text NOT NULL,
  `schichtdicke` text NOT NULL,
  `maxauftragsstaerke` text NOT NULL,
  `erforderlicheschichtstaerken` text NOT NULL,
  `begehbar` text NOT NULL,
  `chemischundmechanischbelastbar` text NOT NULL,
  `mechanischbelastbar` text NOT NULL,
  `chemischbelastbar` text NOT NULL,
  `vollbelastbar` text NOT NULL,
  `belastbar` text NOT NULL,
  `verfugbar` text NOT NULL,
  `schleifbar` text NOT NULL,
  `verarbeitungsbedingungen` text NOT NULL,
  `verarbeitungstemperatur` text NOT NULL,
  `verarbeitungsunduntergrundtemperatur` text NOT NULL,
  `trocknungszeit` text NOT NULL,
  `aushaertezeit` text NOT NULL,
  `zeitabstandzwischendeneinzelnenauftraegen` text NOT NULL,
  `zeitabstandzwischenletztemauftragundverlegen` text NOT NULL,
  `kategorien` varchar(255) NOT NULL,
  `tstamp` int(11) NOT NULL,
  `crdate` int(11) NOT NULL,
  `cruser_id` int(11) NOT NULL,
  `deleted` tinyint(1) NOT NULL,
  `hidden` tinyint(1) NOT NULL,
  `starttime` int(11) NOT NULL,
  `endtime` int(11) NOT NULL,
  `t3ver_oid` int(11) NOT NULL,
  `t3ver_id` int(11) NOT NULL,
  `t3ver_wsid` int(11) NOT NULL,
  `t3ver_label` varchar(255) NOT NULL,
  `t3ver_state` tinyint(1) NOT NULL,
  `t3ver_stage` int(11) NOT NULL,
  `t3ver_count` int(11) NOT NULL,
  `t3ver_tstamp` int(11) NOT NULL,
  `t3ver_move_id` int(11) NOT NULL,
  `sorting` int(11) NOT NULL,
  `t3_origuid` int(11) NOT NULL,
  `sys_language_uid` int(11) NOT NULL,
  `l10n_parent` int(11) NOT NULL,
  `verarbeitung` text NOT NULL,
  `ausblenden` int(11) NOT NULL
) ENGINE=MyISAM DEFAULT CHARSET=utf8;

--
-- Daten für Tabelle `baustoff_produkt`
--

INSERT INTO `baustoff_produkt` (`uid`, `pid`, `name`, `bezeichnung`, `eingangstext`, `bild`, `eigenschaften`, `anwendungsbereiche`, `geeigneteuntergruende`, `mischverhaeltnis`, `materialdichte`, `rollenmasse`, `raumgewicht`, `temperaturbestaendigkeit`, `waermedurchlasswiderstand`, `trittschallverbesserungsmass`, `materialbasis`, `farbtoene`, `anmischverhaeltnis`, `optimalerwasserstoffwert`, `reifezeit`, `belegreife`, `einlegezeit`, `verarbeitungszeit`, `schichtdicke`, `maxauftragsstaerke`, `erforderlicheschichtstaerken`, `begehbar`, `chemischundmechanischbelastbar`, `mechanischbelastbar`, `chemischbelastbar`, `vollbelastbar`, `belastbar`, `verfugbar`, `schleifbar`, `verarbeitungsbedingungen`, `verarbeitungstemperatur`, `verarbeitungsunduntergrundtemperatur`, `trocknungszeit`, `aushaertezeit`, `zeitabstandzwischendeneinzelnenauftraegen`, `zeitabstandzwischenletztemauftragundverlegen`, `kategorien`, `tstamp`, `crdate`, `cruser_id`, `deleted`, `hidden`, `starttime`, `endtime`, `t3ver_oid`, `t3ver_id`, `t3ver_wsid`, `t3ver_label`, `t3ver_state`, `t3ver_stage`, `t3ver_count`, `t3ver_tstamp`, `t3ver_move_id`, `sorting`, `t3_origuid`, `sys_language_uid`, `l10n_parent`, `verarbeitung`, `ausblenden`) VALUES
(1, 24, 'Z50', 'schützt Eisen und Stahl zuverlässig vor Korrosion Für den Innen- und Außenbereich', 'Zement Grundierung - Zur Oberflächenverfestigung und Regulierung des Saugverhaltens auf saugenden UntergründenGrundierung für saugende Untergründe. Zur Oberflächenverfestigung und Regulierung des Saugverhaltens. Schnell trocknend, dampfdiffusionsoffen. Für optimalen Halt von Fliesenklebern, Spachtelmassen etc.', 'Z50.jpg', '- Saugfähigkeitregulierend\r\n                    - Lösemittel- und weichmacherfrei, -emmisionsarm\r\n                    - Verarbeitung mit Maschine oder von Hand', 'Grundierung von:\r\n- Beton, Leichtbeton, Porenbeton\r\n- Mauerwerk', '- saugende mineralische Untergründe\r\n- Gipskartonplatten', '1:1', '1,00 kg/dm³', '', '', '+5 bis +30 °C', '', '', 'Kunststoffdispersion', 'rot', '', '', '', '', '', '', '', '', '', '', '', '', '', '', '', '', '', '', '', '+5 bis +30 °C', '', '', 'ca. 30 min', 'ca. 1 Std', '9', 1384180782, 1383825393, 1, 1, 0, 0, 0, 0, 0, 0, '', 0, 0, 0, 0, 0, 1000000000, 0, 0, 0, '', 0),
(2, 24, 'O59', 'Zur Oberflächenverfestigung und Regulierung des Saugverhaltens auf saugenden UntergründenGrundierung für saugende Untergründe', 'Holzgrundierung - ist ein farbloser, wasserverdünnbarer Grundieranstrich mit feuchtigkeitsregulierender, wetterbeständiger und geruchsarmer Eigenschaft. Der Holzgrund ist für den Einsatz auf maßhaltigen Holzauteilen, wie z.B. Verkleidungen, Vertäfelungen, Fenster und Türen im Innen- und Außenbereich konzipiert.', 'O59.jpg', '- Saugfähigkeitregulierend\r\n                    - Lösemittel- und weichmacherfrei, -emmisionsarm\r\n                    - Verarbeitung mit Maschine oder von Hand', '', '', '', '', '', '', '', '', '', '', '', '', '', '', '', '', '', '', '', '', '', '', '', '', '', '', '', '', '', '', '', '', '', '', '', '2', 1383890865, 1383842043, 2, 1, 0, 0, 0, 0, 0, 0, '', 0, 0, 0, 0, 0, 1000000000, 0, 0, 0, '', 0),
(3, 24, 'J92', 'schützt Eisen und Stahl zuverlässig vor Korrosion Für den Innen- und Außenbereich', 'Rostschutz-Grundierung – schützt Eisen und Stahl zuverlässig vor Korrosion Für den Innen- und Außenbereich ', 'J92.jpg', '- Saugfähigkeitregulierend\r\n                    - Lösemittel- und weichmacherfrei, -emmisionsarm\r\n                    - Verarbeitung mit Maschine oder von Hand', 'Grundierung von:\r\n- Beton, Leichtbeton, Porenbeton\r\n- Mauerwerk', '- saugende mineralische Untergründe\r\n- Gipskartonplatten', '1:1', '1,00 kg/dm³', '', '', '+5 bis +30 °C', '', '', 'Kunststoffdispersion', 'rot', '', '', '', '', '', '', '', '', '', '', '', '', '', '', '', '', '', '', '', '+5 bis +30 °C', '', '', 'ca. 30 min', 'ca. 1 Std', '9', 1384180807, 1384162438, 2, 1, 0, 0, 0, 0, 0, 0, '', 0, 0, 0, 0, 0, 1000000000, 1, 0, 0, '', 0),
(4, 24, 'D23', 'ist ein farbloser, wasserverdünnbarer Grundieranstrich mit feuchtigkeitsregulierender, wetterbeständiger und geruchsarmer Eigenschaft', 'Holzgrundierung - ist ein farbloser, wasserverdünnbarer Grundieranstrich mit feuchtigkeitsregulierender, wetterbeständiger und geruchsarmer Eigenschaft. Der Holzgrund ist für den Einsatz auf maßhaltigen Holzauteilen, wie z.B. Verkleidungen, Vertäfelungen, Fenster und Türen im Innen- und Außenbereich konzipiert.', 'D23.jpg', '- Saugfähigkeitregulierend\r\n                    - Lösemittel- und weichmacherfrei, -emmisionsarm\r\n                    - Verarbeitung mit Maschine oder von Hand', 'Grundierung von:\r\n- Beton, Leichtbeton, Porenbeton\r\n- Mauerwerk', '- saugende mineralische Untergründe\r\n- Gipskartonplatten', '1:1', '1,00 kg/dm³', '', '', '+5 bis +30 °C', '', '', 'Kunststoffdispersion', 'rot', '', '', '', '', '', '', '', '', '', '', '', '', '', '', '', '', '', '', '', '+5 bis +30 °C', '', '', 'ca. 30 min', 'ca. 1 Std', '9', 1384180869, 1384162461, 2, 1, 0, 0, 0, 0, 0, 0, '', 0, 0, 0, 0, 0, 1000000000, 1, 0, 0, '', 0),
(5, 24, 'E76', 'Zur Oberflächenverfestigung und Regulierung des Saugverhaltens auf saugenden UntergründenGrundierung für saugende Untergründe', 'Holzgrundierung - ist ein farbloser, wasserverdünnbarer Grundieranstrich mit feuchtigkeitsregulierender, wetterbeständiger und geruchsarmer Eigenschaft. Der Holzgrund ist für den Einsatz auf maßhaltigen Holzauteilen, wie z.B. Verkleidungen, Vertäfelungen, Fenster und Türen im Innen- und Außenbereich konzipiert.', 'E76.jpg', '- Saugfähigkeitregulierend\r\n                    - Lösemittel- und weichmacherfrei, -emmisionsarm\r\n                    - Verarbeitung mit Maschine oder von Hand', 'Grundierung von:\r\n- Beton, Leichtbeton, Porenbeton\r\n- Mauerwerk', '- saugende mineralische Untergründe\r\n- Gipskartonplatten', '1:1', '1,00 kg/dm³', '', '', '+5 bis +30 °C', '', '', 'Kunststoffdispersion', 'rot', '', '', '', '', '', '', '', '', '', '', '', '', '', '', '', '', '', '', '', '+5 bis +30 °C', '', '', 'ca. 30 min', 'ca. 1 Std', '9', 1384180789, 1384163863, 2, 1, 0, 0, 0, 0, 0, 0, '', 0, 0, 0, 0, 0, 1000000000, 1, 0, 0, '', 0),
(6, 24, 'G95', 'schützt Eisen und Stahl zuverlässig vor Korrosion Für den Innen- und Außenbereich', 'Rostschutz-Grundierung – schützt Eisen und Stahl zuverlässig vor Korrosion Für den Innen- und Außenbereich ', 'G95.jpg', '- Saugfähigkeitregulierend\r\n                    - Lösemittel- und weichmacherfrei, -emmisionsarm\r\n                    - Verarbeitung mit Maschine oder von Hand', 'Grundierung von:\r\n- Beton, Leichtbeton, Porenbeton\r\n- Mauerwerk', '- saugende mineralische Untergründe\r\n- Gipskartonplatten', '1:1', '1,00 kg/dm³', '', '', '+5 bis +30 °C', '', '', 'Kunststoffdispersion', 'rot', '', '', '', '', '', '', '', '', '', '', '', '', '', '', '', '', '', '', '', '+5 bis +30 °C', '', '', 'ca. 30 min', 'ca. 1 Std', '', 1384180891, 1384163896, 2, 1, 0, 0, 0, 0, 0, 0, '', 0, 0, 0, 0, 0, 1000000000, 1, 0, 0, '', 0),
(11, 24, 'L71', 'ist ein farbloser, wasserverdünnbarer Grundieranstrich mit feuchtigkeitsregulierender, wetterbeständiger und geruchsarmer Eigenschaft', 'Rostschutz-Grundierung – schützt Eisen und Stahl zuverlässig vor Korrosion Für den Innen- und Außenbereich ', 'L71.jpg', '- Diffusionsoffen\r\n                    - Oberflächenverfestigend\r\n                    - Staubbindend', '\r\n<ul><li>Zur Herstellung von schnell belegbaren Zementestrichen:</li><li>auf Trennschicht</li><li>im Verbund</li><li>auf Dämmschichten</li><li>als Heizestrich</li></ul>\r\n\r\n<ul><li>Zum Einsatz in Feuchträumen</li><li>Zum Ausbessern und Sanieren alter Zementestriche</li><li>Zur Reparatur zementärer Untergründe vor dem Estricheinbau</li><li>Zum Setzen von Bodenverankerungen und Zaunpfählen</li></ul>\r\n\r\n\r\n', '', '', '', '', '', '', '', '', '', '', 'max. 6,5 l Wasser/ 20 kg Bindemittel', '', '', 'Die Belegreife von Estrichen aus BOTAMENT® M 54 ist nach folgenden Zeitabständen zwischen Einbau und Belegung bzw. folgenden maximalen Restfeuchtegehalten (CM- Messung) erreicht:\r\n\r\nUnbeheizter Estrich:\r\nkeramische Beläge und Natursteine ≤ 2,00 %\r\nelastische und textile Beläge ≤ 2,00 %\r\nParkett, Laminat und Holzpflaster ≤ 2,00 %\r\n\r\nBeheizter Estrich: \r\nkeramische Beläge und Natursteine ≤ 2,00 %\r\nelastische und textile Beläge ≤ 1,80 %\r\nParkett, Laminat und Holzpflaster	 ≤ 1,80 %\r\n\r\n\r\nDie Angaben gelten für Verbundestriche, Estriche auf Trennschicht und schwimmende Estriche.', '', '90 - 120 Minuten', '10 bis 80 mm', '', '', 'nach ~ 4- 6 Stunden', '', '', '', '', '', '', '', '', '', '+ 5° C bis + 25° C', '', '', '', '', '20', 1431937625, 1384174238, 2, 0, 0, 0, 0, 0, 0, 0, '', 0, 0, 0, 0, 0, 284160, 0, 0, 0, 'Zum Mischen des Estrichmörtels werden übliche Estrich-mischer bzw. Misch- und Förderpumpen verwendet.\r\nBei Arbeitsunterbrechungen sind Mischer, Pumpen und Schläuche sofort gründlich zu reinigen.\r\n\r\nMaterialbedarf für einen 200 l- Kübel\r\n\r\nMischungsverhältnis 1:4\r\nBOTAMENT M 54 : 60 kg (3 Säcke)\r\nEstrichsand 0- 8 mm : 240 kg\r\nWasser : max. 19,5 l\r\n\r\nMischungsverhältnis 1:3,5\r\nBOTAMENT M 54 : 60 kg (3 Säcke)\r\nEstrichsand 0- 8 mm : 210 kg\r\nWasser : max. 19,5 l\r\n\r\nMischungsverhältnis 1:3\r\nBOTAMENT M 54 : 60 kg (3 Säcke)\r\nEstrichsand 0- 8 mm : 180 kg\r\nWasser : max. 19,5 l', 0),
(7, 24, 'G50', 'ist ein farbloser, wasserverdünnbarer Grundieranstrich mit feuchtigkeitsregulierender, wetterbeständiger und geruchsarmer Eigenschaft', 'Holzgrundierung - ist ein farbloser, wasserverdünnbarer Grundieranstrich mit feuchtigkeitsregulierender, wetterbeständiger und geruchsarmer Eigenschaft. Der Holzgrund ist für den Einsatz auf maßhaltigen Holzauteilen, wie z.B. Verkleidungen, Vertäfelungen, Fenster und Türen im Innen- und Außenbereich konzipiert.', 'G50.jpg', ' - für innen und aussen\r\n                    - Gebrauchsfertig\r\n                    - Sehr hohes Eindringvermögen', 'Grundierung von:\r\n- Beton, Leichtbeton, Porenbeton\r\n- Mauerwerk', '- saugende mineralische Untergründe\r\n- Gipskartonplatten', '1:1', '1,00 kg/dm³', '', '', '+5 bis +30 °C', '', '', 'Kunststoffdispersion', 'rot', '', '', '', '', '', '', '', '', '', '', '', '', '', '', '', '', '', '', '', '+5 bis +30 °C', '', '', 'ca. 30 min', 'ca. 1 Std', '9', 1384180899, 1384163901, 2, 1, 0, 0, 0, 0, 0, 0, '', 0, 0, 0, 0, 0, 1000000000, 1, 0, 0, '', 0),
(8, 24, 'A23', 'Zur Oberflächenverfestigung und Regulierung des Saugverhaltens auf saugenden UntergründenGrundierung für saugende Untergründe', 'Zement Grundierung - Zur Oberflächenverfestigung und Regulierung des Saugverhaltens auf saugenden UntergründenGrundierung für saugende Untergründe. Zur Oberflächenverfestigung und Regulierung des Saugverhaltens. Schnell trocknend, dampfdiffusionsoffen. Für optimalen Halt von Fliesenklebern, Spachtelmassen etc.', 'A23.jpg', ' - für innen und aussen\r\n                    - Gebrauchsfertig\r\n                    - Sehr hohes Eindringvermögen', 'Grundierung von:\r\n- Beton, Leichtbeton, Porenbeton\r\n- Mauerwerk', '- saugende mineralische Untergründe\r\n- Gipskartonplatten', '1:1', '1,00 kg/dm³', '', '', '+5 bis +30 °C', '', '', 'Kunststoffdispersion', 'rot', '', '', '', '', '', '', '', '', '', '', '', '', '', '', '', '', '', '', '', '+5 bis +30 °C', '', '', 'ca. 30 min', 'ca. 1 Std', '9', 1384180904, 1384163928, 2, 1, 0, 0, 0, 0, 0, 0, '', 0, 0, 0, 0, 0, 1000000000, 1, 0, 0, '', 0),
(9, 24, 'U16', 'Zur Oberflächenverfestigung und Regulierung des Saugverhaltens auf saugenden UntergründenGrundierung für saugende Untergründe', 'Holzgrundierung - ist ein farbloser, wasserverdünnbarer Grundieranstrich mit feuchtigkeitsregulierender, wetterbeständiger und geruchsarmer Eigenschaft. Der Holzgrund ist für den Einsatz auf maßhaltigen Holzauteilen, wie z.B. Verkleidungen, Vertäfelungen, Fenster und Türen im Innen- und Außenbereich konzipiert.', 'U16.jpg', '- Diffusionsoffen\r\n                    - Oberflächenverfestigend\r\n                    - Staubbindend', 'Grundierung von:\r\n- Beton, Leichtbeton, Porenbeton\r\n- Mauerwerk', '- saugende mineralische Untergründe\r\n- Gipskartonplatten', '1:1', '1,00 kg/dm³', '', '', '+5 bis +30 °C', '', '', 'Kunststoffdispersion', 'rot', '', '', '', '', '', '', '', '', '', '', '', '', '', '', '', '', '', '', '', '+5 bis +30 °C', '', '', 'ca. 30 min', 'ca. 1 Std', '9', 1384180909, 1384163929, 2, 1, 0, 0, 0, 0, 0, 0, '', 0, 0, 0, 0, 0, 1000000000, 1, 0, 0, '', 0),
(10, 24, 'G9', 'ist ein farbloser, wasserverdünnbarer Grundieranstrich mit feuchtigkeitsregulierender, wetterbeständiger und geruchsarmer Eigenschaft', 'Holzgrundierung - ist ein farbloser, wasserverdünnbarer Grundieranstrich mit feuchtigkeitsregulierender, wetterbeständiger und geruchsarmer Eigenschaft. Der Holzgrund ist für den Einsatz auf maßhaltigen Holzauteilen, wie z.B. Verkleidungen, Vertäfelungen, Fenster und Türen im Innen- und Außenbereich konzipiert.', 'G9.jpg', ' - für innen und aussen\r\n                    - Gebrauchsfertig\r\n                    - Sehr hohes Eindringvermögen', '', '', '', '', '', '', '', '', '', '', '', '', '', '', '', '', '', '', '', '', '', '', '', '', '', '', '', '', '', '', '', '', '', '', '', '18', 1386339836, 1384166107, 2, 1, 0, 0, 0, 0, 0, 0, '', 0, 0, 0, 0, 0, 1000000000, 0, 0, 0, '', 0),
(14, 24, 'Z19', 'schützt Eisen und Stahl zuverlässig vor Korrosion Für den Innen- und Außenbereich', 'Holzgrundierung - ist ein farbloser, wasserverdünnbarer Grundieranstrich mit feuchtigkeitsregulierender, wetterbeständiger und geruchsarmer Eigenschaft. Der Holzgrund ist für den Einsatz auf maßhaltigen Holzauteilen, wie z.B. Verkleidungen, Vertäfelungen, Fenster und Türen im Innen- und Außenbereich konzipiert.', 'Z19.jpg', '- Diffusionsoffen\r\n                    - Oberflächenverfestigend\r\n                    - Staubbindend', 'Grundierung von:\r\n- Beton, Leichtbeton, Porenbeton\r\n- Mauerwerk', '- saugende mineralische Untergründe\r\n- Gipskartonplatten', '1:1', '1,00 kg/dm³', '', '', '+5 bis +30 °C', '', '', 'Kunststoffdispersion', 'rot', '', '', '', '', '', '', '', '', '', '', '', '', '', '', '', '', '', '', '', '+5 bis +30 °C', '', '', 'ca. 30 min', 'ca. 1 Std', '9', 1384180916, 1384179551, 2, 1, 0, 0, 0, 0, 0, 0, '', 0, 0, 0, 0, 0, 1000000000, 1, 0, 0, '', 0),
(15, 24, 'W55', 'Zur Oberflächenverfestigung und Regulierung des Saugverhaltens auf saugenden UntergründenGrundierung für saugende Untergründe', 'Holzgrundierung - ist ein farbloser, wasserverdünnbarer Grundieranstrich mit feuchtigkeitsregulierender, wetterbeständiger und geruchsarmer Eigenschaft. Der Holzgrund ist für den Einsatz auf maßhaltigen Holzauteilen, wie z.B. Verkleidungen, Vertäfelungen, Fenster und Türen im Innen- und Außenbereich konzipiert.', 'W55.jpg', ' - für innen und aussen\r\n                    - Gebrauchsfertig\r\n                    - Sehr hohes Eindringvermögen', 'Grundierung von:\r\n- Beton, Leichtbeton, Porenbeton\r\n- Mauerwerk', '- saugende mineralische Untergründe\r\n- Gipskartonplatten', '1:1', '1,00 kg/dm³', '', '', '+5 bis +30 °C', '', '', 'Kunststoffdispersion', 'rot', '', '', '', '', '', '', '', '', '', '', '', '', '', '', '', '', '', '', '', '+5 bis +30 °C', '', '', 'ca. 30 min', 'ca. 1 Std', '9', 1384180782, 1384179580, 1, 1, 0, 0, 0, 0, 0, 0, '', 0, 0, 0, 0, 0, 1000000000, 1, 3, 1, '', 0),
(16, 24, 'B36', 'Zur Oberflächenverfestigung und Regulierung des Saugverhaltens auf saugenden UntergründenGrundierung für saugende Untergründe', 'Rostschutz-Grundierung – schützt Eisen und Stahl zuverlässig vor Korrosion Für den Innen- und Außenbereich ', 'B36.jpg', '- Saugfähigkeitregulierend\r\n                    - Lösemittel- und weichmacherfrei, -emmisionsarm\r\n                    - Verarbeitung mit Maschine oder von Hand', 'Grundierung von:\r\n- Beton, Leichtbeton, Porenbeton\r\n- Mauerwerk', '- saugende mineralische Untergründe\r\n- Gipskartonplatten', '1:1', '1,00 kg/dm³', '', '', '+5 bis +30 °C', '', '', 'Kunststoffdispersion', 'rot', '', '', '', '', '', '', '', '', '', '', '', '', '', '', '', '', '', '', '', '+5 bis +30 °C', '', '', 'ca. 30 min', 'ca. 1 Std', '9', 1384180801, 1384179619, 2, 1, 0, 0, 0, 0, 0, 0, '', 0, 0, 0, 0, 0, 1000000000, 3, 0, 0, '', 0),
(17, 24, 'X73', 'ist ein farbloser, wasserverdünnbarer Grundieranstrich mit feuchtigkeitsregulierender, wetterbeständiger und geruchsarmer Eigenschaft', 'Rostschutz-Grundierung – schützt Eisen und Stahl zuverlässig vor Korrosion Für den Innen- und Außenbereich ', 'X73.jpg', '- Saugfähigkeitregulierend\r\n                    - Lösemittel- und weichmacherfrei, -emmisionsarm\r\n                    - Verarbeitung mit Maschine oder von Hand', 'Grundierung von:\r\n- Beton, Leichtbeton, Porenbeton\r\n- Mauerwerk', '- saugende mineralische Untergründe\r\n- Gipskartonplatten', '1:1', '1,00 kg/dm³', '', '', '+5 bis +30 °C', '', '', 'Kunststoffdispersion', 'rot', '', '', '', '', '', '', '', '', '', '', '', '', '', '', '', '', '', '', '', '+5 bis +30 °C', '', '', 'ca. 30 min', 'ca. 1 Std', '9', 1384180794, 1384179635, 2, 1, 0, 0, 0, 0, 0, 0, '', 0, 0, 0, 0, 0, 1000000000, 16, 0, 0, '', 0),
(18, 24, 'S87', 'schützt Eisen und Stahl zuverlässig vor Korrosion Für den Innen- und Außenbereich', 'Zement Grundierung - Zur Oberflächenverfestigung und Regulierung des Saugverhaltens auf saugenden UntergründenGrundierung für saugende Untergründe. Zur Oberflächenverfestigung und Regulierung des Saugverhaltens. Schnell trocknend, dampfdiffusionsoffen. Für optimalen Halt von Fliesenklebern, Spachtelmassen etc.', 'S87.jpg', ' - für innen und aussen\r\n                    - Gebrauchsfertig\r\n                    - Sehr hohes Eindringvermögen', 'Zur Herstellung von schnell belegbaren Zementestrichen:\r\n<ul><li>auf Trennschicht</li><li>im Verbund</li><li>auf Dämmschichten; als Heizestrich</li></ul>\r\n\r\n<ul><li>Zum Einsatz in Feuchträumen</li><li>Zum Ausbessern und Sanieren alter Zementestriche</li><li>Zur Reparatur zementärer Untergründe vor dem Estricheinbau</li><li>Zum Setzen von Bodenverankerungen und Zaunpfählen</li></ul>\r\n\r\n\r\n', '', '', '', '', '', '', '', '', '', '', '~ 1,5- 1,75 l Wasser/ 25 kg', '', '', 'Die Belegreife von BOTAMENT® M 54FM ist nach folgenden Zeitabständen zwischen Einbau und Belegung bzw. folgen-den maximalen Restfeuchtegehalten (CM- Messung) erreicht:\r\n\r\nunbeheizter Estrich:\r\nkeramische Beläge und Natursteine ≤ 2,00 %\r\nelastische und textile Beläge ≤ 2,00 %\r\nParkett, Laminat und Holzpflaster ≤ 2,00 %\r\n\r\nbeheizter Estrich:\r\nkeramische Beläge und Natursteine ≤ 2,00 %\r\nelastische und textile Beläge ≤ 1,80 %\r\nParkett, Laminat und Holzpflaster ≤ 1,80 %\r\n\r\nDie Angaben gelten für Verbundestriche, Estriche auf Trennschicht und schwimmende Estriche.', '', '~ 90- 120 Minuten', '10 bis 80 mm', '', '', 'nach ~ 4- 6 Stunden', '', '', '', '', '', '', '', '', '', '+ 5° C bis + 25° C', '', '', '', '', '20', 1412593778, 1384179699, 2, 0, 0, 0, 0, 0, 0, 0, '', 0, 0, 0, 0, 0, 276480, 0, 0, 0, 'Zum Mischen des Estrichmörtels werden übliche Estrichmischer bzw. Misch- und Förderpumpen verwendet.\r\nBei Arbeitsunterbrechungen sind Mischer, Pumpen und Schläuche sofort gründlich zu reinigen.', 0),
(20, 24, 'S20', 'schützt Eisen und Stahl zuverlässig vor Korrosion Für den Innen- und Außenbereich', 'Rostschutz-Grundierung – schützt Eisen und Stahl zuverlässig vor Korrosion Für den Innen- und Außenbereich ', 'S20.jpg', '- Saugfähigkeitregulierend\r\n                    - Lösemittel- und weichmacherfrei, -emmisionsarm\r\n                    - Verarbeitung mit Maschine oder von Hand', 'Grundierung von:\r\n- Beton, Leichtbeton, Porenbeton\r\n- Mauerwerk', '- saugende mineralische Untergründe\r\n- Gipskartonplatten', '1:1', '1,00 kg/dm³', '', '', '+5 bis +30 °C', '', '', 'Kunststoffdispersion', 'rot', '', '', '', '', '', '', '', '', '', '', '', '', '', '', '', '', '', '', '', '+5 bis +30 °C', '', '', 'ca. 30 min', 'ca. 1 Std', '9', 1384180771, 1384179916, 2, 1, 0, 0, 0, 0, 0, 0, '', 0, 0, 0, 0, 0, 1000000000, 1, 0, 0, '', 0),
(21, 24, 'J58', 'schützt Eisen und Stahl zuverlässig vor Korrosion Für den Innen- und Außenbereich', 'Zement Grundierung - Zur Oberflächenverfestigung und Regulierung des Saugverhaltens auf saugenden UntergründenGrundierung für saugende Untergründe. Zur Oberflächenverfestigung und Regulierung des Saugverhaltens. Schnell trocknend, dampfdiffusionsoffen. Für optimalen Halt von Fliesenklebern, Spachtelmassen etc.', 'J58.jpg', '- Diffusionsoffen\r\n                    - Oberflächenverfestigend\r\n                    - Staubbindend', 'Grundierung von:\r\n- Beton, Leichtbeton, Porenbeton\r\n- Mauerwerk', '- saugende mineralische Untergründe\r\n- Gipskartonplatten', '1:1', '1,00 kg/dm³', '', '', '+5 bis +30 °C', '', '', 'Kunststoffdispersion', 'rot', '', '', '', '', '', '', '', '', '', '', '', '', '', '', '', '', '', '', '', '+5 bis +30 °C', '', '', 'ca. 30 min', 'ca. 1 Std', '', 1384180782, 1384180529, 2, 1, 0, 0, 0, 0, 0, 0, '', 0, 0, 0, 0, 0, 1000000000, 1, 2, 1, '', 0),
(22, 24, 'E51', 'Zur Oberflächenverfestigung und Regulierung des Saugverhaltens auf saugenden UntergründenGrundierung für saugende Untergründe', 'Rostschutz-Grundierung – schützt Eisen und Stahl zuverlässig vor Korrosion Für den Innen- und Außenbereich ', 'E51.jpg', ' - für innen und aussen\r\n                    - Gebrauchsfertig\r\n                    - Sehr hohes Eindringvermögen', 'Grundierung von:\r\n- Beton, Leichtbeton, Porenbeton\r\n- Mauerwerk', '- saugende mineralische Untergründe\r\n- Gipskartonplatten', '1:1', '1,00 kg/dm³', '', '', '+5 bis +30 °C', '', '', 'Kunststoffdispersion', 'rot', '', '', '', '', '', '', '', '', '', '', '', '', '', '', '', '', '', '', '', '+5 bis +30 °C', '', '', 'ca. 30 min', 'ca. 1 Std', '9', 1384180794, 1384180620, 2, 1, 0, 0, 0, 0, 0, 0, '', 0, 0, 0, 0, 0, 1000000000, 17, 3, 17, '', 0),
(23, 24, 'J39', 'schützt Eisen und Stahl zuverlässig vor Korrosion Für den Innen- und Außenbereich', 'Holzgrundierung - ist ein farbloser, wasserverdünnbarer Grundieranstrich mit feuchtigkeitsregulierender, wetterbeständiger und geruchsarmer Eigenschaft. Der Holzgrund ist für den Einsatz auf maßhaltigen Holzauteilen, wie z.B. Verkleidungen, Vertäfelungen, Fenster und Türen im Innen- und Außenbereich konzipiert.', 'J39.jpg', ' - für innen und aussen\r\n                    - Gebrauchsfertig\r\n                    - Sehr hohes Eindringvermögen', 'Zur Herstellung von schnell belegbaren Zementestrichen\r\n<ul><li>auf Trennschicht</li><li>im Verbund</li><li>auf Dämmschichten</li><li>zum Einsatz in Feuchträumen</li><li>zum Ausbessern und Sanieren alter Zementestriche</li><li>zur Reparatur zementärer Untergründe vor dem Estricheinbau</li><li>zum Setzen von Bodenverankerungen und Zaunpfählen</li></ul>\r\n\r\n\r\n', '', '', '', '', '', '', '', '', '', '', 'max. 11 l Wasser/ 25 kg Bindemittel', '', '', 'Die Belegreife von Estrichen aus BOTAMENT® M 56 Speed ist nach folgenden Zeitabständen zwischen Einbau und Belegung bzw. folgenden maximalen Restfeuchtegehalten (CM- Messung) erreicht:\r\n\r\nunbeheizter Estrich:\r\nkeramische Beläge und Natursteine ≥ 4 Stunden\r\nelastische und textile Beläge ≤ 2,00 %\r\nParkett, Laminat und Holzpflaster ≤ 2,00 %\r\n\r\nbeheizter Estrich:\r\nkeramische Beläge und Natursteine ≤ 2,00 %\r\nelastische und textile Beläge ≤ 1,80 %\r\nParkett, Laminat und Holzpflaster  ≤ 1,80 %\r\n\r\nDie Angaben gelten für Verbundestriche, Estriche auf Trennschicht und schwimmende Estriche.', '', '~ 60 Minuten', '10 bis 80 mm', '', '', 'nach ~ 2- 3 Stunden', '', '', '', '', '', '', '', '', '', '+ 5° C bis + 25° C', '', '', '', '', '20', 1416996622, 1384180819, 2, 0, 0, 0, 0, 0, 0, 0, '', 0, 0, 0, 0, 0, 274688, 0, 0, 0, 'Zum Mischen des Estrichmörtels werden übliche Estrich-mischer bzw. Misch- und Förderpumpen verwendet.\r\nBei Arbeitsunterbrechungen sind Mischer, Pumpen und Schläuche sofort gründlich zu reinigen.\r\n\r\n\r\n<span style=\"font-weight: bold;\">Materialbedarf für einen 200 l - Kübel</span>\r\n\r\nMischungsverhältnis 1:5\r\nBOTAMENT® M 56 Speed : 50 kg (2 Säcke)\r\nEstrichsand 0- 8 mm : 250 kg\r\nWasser : max. 22 l\r\n\r\nMischungsverhältnis 1:4,5\r\nBOTAMENT® M 56 Speed : 50 kg (2 Säcke)\r\nEstrichsand 0- 8 mm : 225 kg\r\nWasser : max. 22 l\r\n\r\nMischungsverhältnis 1:4\r\nBOTAMENT® M 56 Speed : 62,5 kg (2,5 Säcke)\r\nEstrichsand 0- 8 mm : 250 kg\r\nWasser : max. 27,5 l', 0),
(24, 24, 'X8', 'ist ein farbloser, wasserverdünnbarer Grundieranstrich mit feuchtigkeitsregulierender, wetterbeständiger und geruchsarmer Eigenschaft', 'Zement Grundierung - Zur Oberflächenverfestigung und Regulierung des Saugverhaltens auf saugenden UntergründenGrundierung für saugende Untergründe. Zur Oberflächenverfestigung und Regulierung des Saugverhaltens. Schnell trocknend, dampfdiffusionsoffen. Für optimalen Halt von Fliesenklebern, Spachtelmassen etc.', 'X8.jpg', ' - für innen und aussen\r\n                    - Gebrauchsfertig\r\n                    - Sehr hohes Eindringvermögen', 'Zur Herstellung von schnell belegbaren Zementestrichen\r\n<ul><li>auf Trennschicht</li><li>im Verbund</li><li>auf Dämmschichten</li><li>als Heizestrich</li></ul>\r\n\r\n<ul><li>Zum Einsatz in Feuchträumen</li><li>Zum Ausbessern und Sanieren alter Zementestriche</li><li>Zur Reparatur zementärer Untergründe vor dem Estricheinbau</li><li>Zum Setzen von Bodenverankerungen und Zaunpfählen</li></ul>', '', '', '', '', '', '', '', '', '', '', '~ 2,0 l Wasser/ 25 kg', '', '', 'Die Belegreife von BOTAMENT M 56 SpeedFM ist nach folgenden Zeitabständen zwischen Einbau und Belegung bzw. folgenden maximalen Restfeuchtegehalten (CM- Messung) erreicht:\r\n\r\nBeläge auf unbeheiztem Estrich:\r\nkeramische Beläge und Natursteine ≥ 4 Stunden\r\nelastische und textile Beläge ≤ 2,00 %\r\nParkett, Laminat und Holzpflaster ≤ 2,00 %\r\n\r\nBeläge auf beheiztem Estrich:\r\nkeramische Beläge und Natursteine ≤ 2,00 %\r\nelastische und textile Beläge≤ 1,80 %\r\nParkett, Laminat und Holzpflaster ≤ 1,80 %\r\n\r\n\r\nDie Angaben gelten für Verbundestriche, Estriche auf Trennschicht und schwimmende Estriche.', '', '~ 60 Minuten', '10 bis 80 mm', '', '', 'nach ~ 2- 3 Stunden', '', '', '', '', '', '', '', '', '', '+ 5° C bis + 25° C', '', '', '', '', '20', 1412591578, 1384181651, 2, 0, 0, 0, 0, 0, 0, 0, '', 0, 0, 0, 0, 0, 266752, 0, 0, 0, 'Zum Mischen des Estrichmörtels werden übliche Estrich-mischer bzw. Misch- und Förderpumpen verwendet.\r\nBei Arbeitsunterbrechungen sind Mischer, Pumpen und Schläuche sofort gründlich zu reinigen.', 0),
(25, 24, 'I17', 'schützt Eisen und Stahl zuverlässig vor Korrosion Für den Innen- und Außenbereich', 'Zement Grundierung - Zur Oberflächenverfestigung und Regulierung des Saugverhaltens auf saugenden UntergründenGrundierung für saugende Untergründe. Zur Oberflächenverfestigung und Regulierung des Saugverhaltens. Schnell trocknend, dampfdiffusionsoffen. Für optimalen Halt von Fliesenklebern, Spachtelmassen etc.', 'I17.jpg', '- Diffusionsoffen\r\n                    - Oberflächenverfestigend\r\n                    - Staubbindend', '<ul><li>Vergießen von Rissen &gt; 0,2 mm und Fugen in mineralischen Baustoffen</li><li>Befestigung und Einbettung von Leisten und Profilen</li></ul>\r\n\r\n\r\n', '', '', '', '', '', '', '', '', '', '', '1 (A): 2 (B)', '', '', '', '', 'bei + 20 °C Material- und Umgebungstemperatur ~ 12 Minuten\r\n\r\nbei + 10 °C Material- und Umgebungstemperatur ~ 15 Minuten', '', '', '', 'nach ~ 1 Stunde', '', '', '', '', '', '', '', '', '', '+ 2 °C bis + 30 °C', '', '', '', '', '18,32', 1439222229, 1384182791, 2, 0, 0, 0, 0, 0, 0, 0, '', 0, 0, 0, 0, 0, 266496, 0, 0, 0, '- A- Komponente in das Gebinde der B- Komponente gießen und Flasche fest verschließen\r\n- Flasche ~ 20 Sekunden lang kräftig schütteln (bis sich ein einheitlicher Farbton zeigt)\r\n- Ausgießtülle entsprechend der Rissbreite abschneiden und fertiges Gemisch in die Risse/ Fugen gießen\r\n\r\nFeine Risse sind vor dem Verfüllen durch Aufschneiden zu erweitern.', 0),
(26, 24, 'A3', 'schützt Eisen und Stahl zuverlässig vor Korrosion Für den Innen- und Außenbereich', 'Zement Grundierung - Zur Oberflächenverfestigung und Regulierung des Saugverhaltens auf saugenden UntergründenGrundierung für saugende Untergründe. Zur Oberflächenverfestigung und Regulierung des Saugverhaltens. Schnell trocknend, dampfdiffusionsoffen. Für optimalen Halt von Fliesenklebern, Spachtelmassen etc.', 'A3.jpg', '- Saugfähigkeitregulierend\r\n                    - Lösemittel- und weichmacherfrei, -emmisionsarm\r\n                    - Verarbeitung mit Maschine oder von Hand', '<ul><li>Abdichtung von Kellerwänden, Bodenplatten, Fundamenten, Balkonen und Terrassen</li><li>Sanierung alter Bauwerks- und Dachabdichtungen</li><li>Abdichtung von Stoß- und Arbeitsfugen in WU-Betonbau-Teilen (PG-ÜBB)</li><li>Zwischenabdichtungen unter Estrichen</li><li>Horizontalbdichtung in und unter Wänden</li><li>Abdichtung wasserführender Anlagen im GaLaBau</li><li>Abdichtung von Wasserbehältern</li><li>Fixierung von Schutz- und Dämmplatten</li></ul>', '', '', '', '', '', '', '', '', '', '', '1 :1', '', '', '', '', '~ 45 Minuten', '', '', '', '', '', '', '', '', '', '', '', '', '', '+ 5°C bis + 30°C', '', '', '', '', '17', 1456937893, 1384184136, 2, 0, 0, 0, 0, 0, 0, 0, '', 0, 0, 0, 0, 0, 257536, 0, 0, 0, '<span style=\"font-style: italic;\">B-Komponente</span> der <span style=\"font-style: italic;\">A-Komponente</span> hinzugeben und beide mit einem langsam laufenden Rührgerät mindestens 2 Minuten mischen.\r\n\r\nRD 2 THE GREEN 1 wird mittels Quast, Glätter oder Spritzgerät in mindestens zwei Lagen aufgetragen.', 0),
(27, 24, 'X28', 'Zur Oberflächenverfestigung und Regulierung des Saugverhaltens auf saugenden UntergründenGrundierung für saugende Untergründe', 'Rostschutz-Grundierung – schützt Eisen und Stahl zuverlässig vor Korrosion Für den Innen- und Außenbereich ', 'X28.jpg', '- Diffusionsoffen\r\n                    - Oberflächenverfestigend\r\n                    - Staubbindend', '<ul><li>waterproofing of basement walls, floor slabs foundations, balconies and terraces</li><li>repair of existing waterproofing to buildings and roofs</li><li>waterproofing of butt and construction joints in water-impermeable concrete structures</li><li>intermediate sealant under screeds</li><li>horizontal waterproofing in and underneath walls</li><li>waterproofing of water features in landscape gardening</li><li>sealing of water containers</li><li>fixing of protection and insulation boards</li></ul>\r\n\r\n\r\n', '', '', '', '', '', '', '', '', '', '', '1 :1', '', '', '', '', '~ 45 minutes', '', '', '', '', '', '', '', '', '', '', '', '', '', '+ 5° C to + 30° C', '', '', '', '', '17', 1441545176, 1384245377, 2, 0, 0, 0, 0, 0, 0, 0, '', 0, 0, 0, 0, 0, 261632, 26, 4, 26, '- add component B to component A and mix both together with a slowly rotating mixer for at least 2 minutes\r\n\r\nBOTAMENT® RD 2 The Green 1 is applied using a paste brush, smoothing trowel or spray device in at least two layers.', 0),
(28, 24, 'P85', 'ist ein farbloser, wasserverdünnbarer Grundieranstrich mit feuchtigkeitsregulierender, wetterbeständiger und geruchsarmer Eigenschaft', 'Rostschutz-Grundierung – schützt Eisen und Stahl zuverlässig vor Korrosion Für den Innen- und Außenbereich ', 'P85.jpg', '- Saugfähigkeitregulierend\r\n                    - Lösemittel- und weichmacherfrei, -emmisionsarm\r\n                    - Verarbeitung mit Maschine oder von Hand', '<ul><li>filling of cracks &gt; 0.2 mm and joints in mineral building materials</li><li>bonding and embedding of strips and profiles</li></ul>\r\n\r\n\r\n', '', '', '', '', '', '', '', '', '', '', '1 (A): 2 (B)', '', '', '', '', 'at a material and substrate temperature of + 20 °C  ~ 12 minutes\r\n\r\nat a material and substrate temperature of + 10 °C ~ 15 minutes', '', '', '', 'after ~ 1 hour', '', '', '', '', '', '', '', '', '', '+ 2 °C to + 30 °C', '', '', '', '', '18,32', 1439222450, 1384246340, 2, 0, 0, 0, 0, 0, 0, 0, '', 0, 0, 0, 0, 0, 261888, 25, 4, 25, '- pour A component into the container of the B component and close the bottle securely\r\n- shake bottle thoroughly for ~ 20 seconds (until the colour is uniform)\r\n- cut off the pouring spout in correspondence with the width of the crack and pour ready-mixed compound into the cracks/ joints\r\n\r\nFine cracks must be made larger prior to filling them in by cutting into them.', 0),
(29, 24, 'S81', 'Zur Oberflächenverfestigung und Regulierung des Saugverhaltens auf saugenden UntergründenGrundierung für saugende Untergründe', 'Holzgrundierung - ist ein farbloser, wasserverdünnbarer Grundieranstrich mit feuchtigkeitsregulierender, wetterbeständiger und geruchsarmer Eigenschaft. Der Holzgrund ist für den Einsatz auf maßhaltigen Holzauteilen, wie z.B. Verkleidungen, Vertäfelungen, Fenster und Türen im Innen- und Außenbereich konzipiert.', 'S81.jpg', '- Diffusionsoffen\r\n                    - Oberflächenverfestigend\r\n                    - Staubbindend', 'To produce the following types of cement screeds quickly ready to be covered:\r\n<ul><li>screeds on separating layers</li><li>composite screeds</li><li>screeds on insulation layers</li><li>heated screeds</li></ul>\r\n\r\n<ul><li>for use in wetrooms</li><li>to repair and restore existing cement screeds</li><li>to repair cement-based substrates prior to installation</li><li>to set floor anchorings and fence posts</li></ul>\r\n\r\n\r\n', '', '', '', '', '', '', '', '', '', '', '~ 2.0 l water/ 25 kg', '', '', 'Screeds made with BOTAMENT® M 56 Speed are ready to be covered after the following time intervals between installation and tiling or after the following maximal residual moisture contents (CM-measurement) have been reached:\r\n\r\nunheated screed:\r\nceramic tiles and natural stones ≥ 4 hours\r\nelastic and textile coverings ≤ 2.00 %\r\nwood flooring, laminate flooring and wood block ≤ 2.00 %\r\n\r\nheated screed:\r\nceramic tiles and natural stones ≤ 2.00 %\r\nelastic and textile coverings ≤ 1.80 %\r\nwood flooring, laminate flooring and wood block ≤ 1.80 %\r\n\r\nAll specifications apply for composite screeds, screeds on separation layers and floating screeds.', '', '~ 60 minutes', '10 to 80 mm', '', '', 'after ~ 2- 3 hours', '', '', '', '', '', '', '', '', '', '+ 5° C to + 25° C', '', '', '', '', '20', 1436372174, 1384248550, 2, 0, 0, 0, 0, 0, 0, 0, '', 0, 0, 0, 0, 0, 262144, 24, 4, 24, 'For the mixing of the screed mortar standard screed mixers or mixing and feed pumps are used. In the event of the working process being interrupted mixer, pumps and pipes must be thoroughly cleaned immediately.', 0),
(30, 24, 'N57', 'ist ein farbloser, wasserverdünnbarer Grundieranstrich mit feuchtigkeitsregulierender, wetterbeständiger und geruchsarmer Eigenschaft', 'Holzgrundierung - ist ein farbloser, wasserverdünnbarer Grundieranstrich mit feuchtigkeitsregulierender, wetterbeständiger und geruchsarmer Eigenschaft. Der Holzgrund ist für den Einsatz auf maßhaltigen Holzauteilen, wie z.B. Verkleidungen, Vertäfelungen, Fenster und Türen im Innen- und Außenbereich konzipiert.', 'N57.jpg', '- Saugfähigkeitregulierend\r\n                    - Lösemittel- und weichmacherfrei, -emmisionsarm\r\n                    - Verarbeitung mit Maschine oder von Hand', 'To produce the following types of cement screeds quickly ready to be covered:\r\n<ul><li>screeds on separating layers</li><li>composite screeds</li><li>screeds on insulation layers</li><li>heated screeds</li></ul>\r\n\r\n<ul><li>for use in wetrooms</li><li>to repair and restore existing cement screeds</li><li>to repair cement-based substrates prior to installation</li><li>to set floor anchorings and fence posts</li></ul>', '', '', '', '', '', '', '', '', '', '', 'max. 11 l water/25 kg binder', '', '', 'Screeds made with BOTAMENT® M 56 Speed are ready to be covered after the following time intervals between installation and tiling or after the following maximal residual moisture contents (CM-measurement) have been reached:\r\n\r\nunheated screed:\r\nceramic tiles and natural stones ≥ 4 hours\r\nelastic and textile coverings ≤ 2.00 %\r\nwood flooring, laminate flooring and wood block ≤ 2.00 %\r\n\r\nheated screed:\r\nceramic tiles and natural stones ≤ 2.00 %\r\nelastic and textile coverings ≤ 1.80 %\r\nwood flooring, laminate flooring and wood block ≤ 1.80 %\r\n\r\nAll specifications apply for composite screeds, screeds on separation layers and floating screeds.', '', '~ 60 minutes', '10 to 80 mm', '', '', 'after ~ 2- 3 hours', '', '', '', '', '', '', '', '', '', '+ 5° C to + 25° C', '', '', '', '', '20', 1436372271, 1384249711, 2, 0, 0, 0, 0, 0, 0, 0, '', 0, 0, 0, 0, 0, 263680, 23, 4, 23, 'For the mixing of the screed mortar standard screed mixers or mixing and feed pumps are used. In the event of the working process being interrupted mixer, pumps and pipes must be thoroughly cleaned immediately.\r\n\r\nMaterial requirement for a 200 l pail:\r\n\r\nmixing ratio 1:5\r\nBOTAMENT® M 56 Speed : 50 kg (2 bags)\r\nscreed sand 0-8 mm : 250 kg\r\nwater : max. 22 l\r\n\r\nmixing ratio 1:4.5\r\nBOTAMENT® M 56 Speed : 50 kg (2 bags)\r\nscreed sand 0-8 mm : 225 kg\r\nwater : max. 22 l\r\n\r\nmixing ratio 1:4\r\nBOTAMENT® M 56 Speed : 62.5 kg (2.5 bags)\r\nscreed sand 0-8 mm : 250 kg\r\nwater : max. 27.5 l', 0),
(31, 24, 'M62', 'ist ein farbloser, wasserverdünnbarer Grundieranstrich mit feuchtigkeitsregulierender, wetterbeständiger und geruchsarmer Eigenschaft', 'Rostschutz-Grundierung – schützt Eisen und Stahl zuverlässig vor Korrosion Für den Innen- und Außenbereich ', 'M62.jpg', '- Saugfähigkeitregulierend\r\n                    - Lösemittel- und weichmacherfrei, -emmisionsarm\r\n                    - Verarbeitung mit Maschine oder von Hand', 'To produce the following types of cement screeds quickly ready to be covered:\r\n<ul><li>screeds on separating layers composite screeds</li><li> screeds on insulation layers; heated screeds</li></ul>\r\n\r\n<ul><li>for use in wetrooms</li><li> to repair and restore existing cement screeds</li><li> to repair cement-based substrates prior to installation</li><li> to set floor anchorings and fence posts</li></ul>', '', '', '', '', '', '', '', '', '', '', '~ 1.5- 1.75 l water / 25 kg', '', '', 'Screeds made with BOTAMENT® M 54FM are ready to be covered after the following time intervals between installation and tiling or after the following maximal residual moisture contents (CM-measurement) have been reached:\r\n\r\nunheated screed:\r\nceramic tiles and natural stones ≤ 2.00 %\r\nelastic and textile coverings ≤ 2.00 %\r\nwood flooring, laminate flooring and wood block ≤ 2.00 %\r\n\r\nheated screed:\r\nceramic tiles and natural stones ≤ 2.00 %\r\nelastic and textile coverings ≤ 1.80 %\r\nwood flooring, laminate flooring and wood block ≤ 1.80 %\r\n\r\nAll specifications apply for composite screeds, screeds on separation layers and floating screeds.', '', '~ 90 - 120 minutes', '10 to 80 mm', '', '', 'after ~ 4- 6 hours', '', '', '', '', '', '', '', '', '', '+ 5° C to + 25° C', '', '', '', '', '20', 1436736012, 1384250482, 2, 0, 0, 0, 0, 0, 0, 0, '', 0, 0, 0, 0, 0, 263936, 18, 4, 18, 'For the mixing of the screed mortar standard screed mixers or mixing and feed pumps are used. In the event of the working process being interrupted mixer, pumps and pipes must be thoroughly cleaned immediately.', 0),
(33, 24, 'K41', 'Zur Oberflächenverfestigung und Regulierung des Saugverhaltens auf saugenden UntergründenGrundierung für saugende Untergründe', 'Rostschutz-Grundierung – schützt Eisen und Stahl zuverlässig vor Korrosion Für den Innen- und Außenbereich ', 'K41.jpg', '- Saugfähigkeitregulierend\r\n                    - Lösemittel- und weichmacherfrei, -emmisionsarm\r\n                    - Verarbeitung mit Maschine oder von Hand', '\r\n<ul><li><span style=\"font-size: 12px;\">repair and reprofiling of damaged building structures made of concrete and brickwork</span></li><li><span style=\"font-size: 12px;\">filling of defects and holes in old cement screeds</span></li><li><span style=\"font-size: 12px;\">for setting and installing concrete shaft rings</span></li></ul>\r\n\r\n\r\n', '', '', '', '', '', '', '', '', '', '', '~ 3.75 - 4.0 l of water / 25 kg', '', '', '', '', '~ 10 minutes', '6 up to 25 mm', '', '', '', '', 'after ~ 45 minutes', '', '', '', '', '', '', '', '+ 5 °C to + 30 °C', '', '', '', '', '19', 1412598115, 1384253356, 2, 0, 0, 0, 0, 0, 0, 0, '', 0, 0, 0, 0, 0, 265984, 12, 4, 12, '- mix up using cold, clean water while stirring with a slow rotating agitator \r\n- thereafter apply BOTAMENT M 36 immediately using a suitable tool (trowel)', 0),
(34, 24, 'O48', 'schützt Eisen und Stahl zuverlässig vor Korrosion Für den Innen- und Außenbereich', 'Zement Grundierung - Zur Oberflächenverfestigung und Regulierung des Saugverhaltens auf saugenden UntergründenGrundierung für saugende Untergründe. Zur Oberflächenverfestigung und Regulierung des Saugverhaltens. Schnell trocknend, dampfdiffusionsoffen. Für optimalen Halt von Fliesenklebern, Spachtelmassen etc.', 'O48.jpg', ' - für innen und aussen\r\n                    - Gebrauchsfertig\r\n                    - Sehr hohes Eindringvermögen', '\r\n<ul><li>to produce the following types of cement screeds quickly ready to be covered:</li><li>screeds on separating layers</li><li>composite screeds</li><li>screeds on insulation layers</li><li>heated screeds</li></ul>\r\n\r\n\r\n<ul><li>for use in wetrooms</li><li>to repair and restore existing cement screeds</li><li>to repair cement-based substrates prior to installation</li><li>to set floor anchorings and fence posts</li></ul>\r\n\r\n\r\n', '', '', '', '', '', '', '', '', '', '', 'max. 6,5 l water/25 kg binder', '', '', 'Screeds made with BOTAMENT® M 54 are ready to be covered after the following time intervals between installation and tiling or after the following maximal residual moisture contents (CM-measurement) have been reached:\r\n\r\nUnheated screed:\r\nceramic tiles and natural stones ≤ 2.00 %\r\nelastic and textile coverings ≤ 2.00 %\r\nwood flooring, laminate flooring and wood block ≤ 2.00 %\r\n\r\nheated screed:\r\nceramic tiles and natural stones ≤ 2.00 %\r\nelastic and textile coverings ≤ 1.80 %\r\nwood flooring, laminate flooring and wood block ≤ 1.80 %\r\n\r\n\r\nAll specifications apply for composite screeds, screeds on separation layers and floating screeds.', '', '90 - 120 minutes', '10 to 80 mm', '', '', 'after ~ 4- 6 hours', '', '', '', '', '', '', '', '', '', '+ 5° C to + 25° C', '', '', '', '', '20', 1412597815, 1384254472, 2, 0, 0, 0, 0, 0, 0, 0, '', 0, 0, 0, 0, 0, 266240, 11, 4, 11, 'For the mixing of the screed mortar standard screed mixers or mixing and feed pumps are used. In the event of the working process being interrupted mixer, pumps and pipes must be thoroughly cleaned immediately.\r\n\r\nMaterial requirement for a 200 l pail=\r\n\r\nmixing ratio 1:4\r\nBOTAMENT M 54 : 60 kg (3 bags)\r\nscreed sand 0-8 mm : 240 kg\r\nWater : max. 19,5 l\r\n\r\nmixing ratio 1:3.5\r\nBOTAMENT M 54 : 60 kg (3 bags)\r\nscreed sand 0-8 mm: 210 kg\r\nwater : max. 19,5 l', 0),
(35, 24, 'N25', 'ist ein farbloser, wasserverdünnbarer Grundieranstrich mit feuchtigkeitsregulierender, wetterbeständiger und geruchsarmer Eigenschaft', 'Rostschutz-Grundierung – schützt Eisen und Stahl zuverlässig vor Korrosion Für den Innen- und Außenbereich ', 'N25.jpg', '- Saugfähigkeitregulierend\r\n                    - Lösemittel- und weichmacherfrei, -emmisionsarm\r\n                    - Verarbeitung mit Maschine oder von Hand', '\r\n<ul><li>Abdichtung von Kelleraußenwänden, Bodenplatten, Balkonen und Terrassen</li><li>Feuchteschutzschicht unter Estrichen</li><li>Verklebung von Dämm- und Dränageplatten</li></ul>', '', '', '', '', '', '', '', '', '', '', '', '', '', '', '', '', '', '', 'Bodenfeuchte:\r\n- nass: 3,6 mm \r\n- trocken:3,0 mm\r\n\r\nNicht drückendes Wasser:\r\n- nass: 3,6mm \r\n- trocken: 3,0mm\r\n\r\nAufstauendes Sickerwasser:\r\n- nass: 4,8 mm \r\n- trocken: 4,0 mm', '', '', '', '', '', '', '', '', '', '', '+ 5 °C bis + 30 °C', '', '', '', '', '17', 1428570377, 1384257877, 2, 0, 0, 0, 0, 0, 0, 0, '', 0, 0, 0, 0, 0, 257024, 0, 0, 0, '\r\n<ul><li>BOTAMENT<span style=\"vertical-align: super; font-size: 10px;\">® </span>MACH 3&nbsp;<span style=\"vertical-align: super; font-size: 10px;\">IN1 </span>mittels Maurerkelle, Glätter oder Spritzgerät in mindestens zwei Lagen auftragen (Die erste Lage muss soweit durchtrocknet sein, dass diese beim Auftrag der zweiten Schicht nicht mehr beschädigt werden kann.)</li><li>Innen- und Außenkanten sorgfältig mit BOTAMENT<span style=\"vertical-align: super; font-size: 10px;\">®</span> MACH 3&nbsp;<span style=\"vertical-align: super; font-size: 10px;\">IN1</span> zu überdecken</li><li>auf den Stirnseiten der Fundamente bzw. der Bodenplatte BOTAMENT<span style=\"vertical-align: super; font-size: 10px;\">®</span> MACH 3&nbsp;<span style=\"vertical-align: super; font-size: 10px;\">IN1</span> mindestens 10 cm tief herabführen</li></ul>\r\nJe nach Lastfall ist das Glasseidengewebe BOTAMENT<span style=\"vertical-align: super; font-size: 10px;\">®</span> GS 98 in die erste Lage einzuarbeiten.', 0),
(36, 24, 'H61', 'schützt Eisen und Stahl zuverlässig vor Korrosion Für den Innen- und Außenbereich', 'Zement Grundierung - Zur Oberflächenverfestigung und Regulierung des Saugverhaltens auf saugenden UntergründenGrundierung für saugende Untergründe. Zur Oberflächenverfestigung und Regulierung des Saugverhaltens. Schnell trocknend, dampfdiffusionsoffen. Für optimalen Halt von Fliesenklebern, Spachtelmassen etc.', 'H61.jpg', '- Diffusionsoffen\r\n                    - Oberflächenverfestigend\r\n                    - Staubbindend', '<ul><li><span style=\"font-size: 12px;\">waterproofing of external basement walls, floor slabs, balconies and terraces</span></li><li><span style=\"font-size: 12px;\">moisture protection layer under screeds</span></li><li><span style=\"font-size: 12px;\">bonding of insulation and drainage boards</span></li></ul>\r\n\r\n\r\n', '', '', '', '', '', '', '', '', '', '', '', '', '', '', '', '', '', '', 'ground moisture wet: 3.6 mm dry: 3.0 mm\r\nnon-accumulating seepage water wet: 3.6mm dry: 3.0mm\r\naccumulating seepage water wet: 4.8mm dry: 4.0 mm', '', '', '', '', '', '', '', '', '', '', '+ 5 °C to + 30 °C', '', '', '', '', '17', 1428571109, 1384259631, 2, 0, 0, 0, 0, 0, 0, 0, '', 0, 0, 0, 0, 0, 257280, 35, 4, 35, '\r\n<ul><li><span style=\"font-size: 12px;\">add the powder component to the liquid component (not the other way round) and stir until a homogenous, paste-like compound is formed</span></li><li><span style=\"font-size: 12px;\">apply BOTAMENT<span style=\"vertical-align: super; font-size: 10px;\">® </span>MACH&nbsp;<span style=\"font-size: 12px;\">3</span><span style=\"vertical-align: super; font-size: 10px;\"> IN1</span> using a brick trowel, a smoothing trowel or a spray applicator in at least two layers (The first layer must be cured so far that the application of the second layer cannot damage it any more.)</span></li><li><span style=\"font-size: 12px;\">cover internal and external edges with BOTAMENT<span style=\"vertical-align: super; font-size: 10px;\">®</span> BM 92 Schnell carefully</span></li><li><span style=\"font-size: 12px;\">run BOTAMENT<span style=\"vertical-align: super; font-size: 10px;\">®</span> MACH 3&nbsp;<span style=\"vertical-align: super; font-size: 10px;\">IN1 </span>at least 10 cm deep onto the facing side of the foundation or the floor slab</span></li><li><span style=\"font-size: 12px;\">Depending on the load case, the glass fibre fabric BOTAMENT<span style=\"vertical-align: super; font-size: 10px;\">®</span> GS 98 may have to be integrated into the first layer.</span></li></ul>\r\n\r\n', 0),
(37, 24, 'O51', 'schützt Eisen und Stahl zuverlässig vor Korrosion Für den Innen- und Außenbereich', 'Holzgrundierung - ist ein farbloser, wasserverdünnbarer Grundieranstrich mit feuchtigkeitsregulierender, wetterbeständiger und geruchsarmer Eigenschaft. Der Holzgrund ist für den Einsatz auf maßhaltigen Holzauteilen, wie z.B. Verkleidungen, Vertäfelungen, Fenster und Türen im Innen- und Außenbereich konzipiert.', 'O51.jpg', '- Saugfähigkeitregulierend\r\n                    - Lösemittel- und weichmacherfrei, -emmisionsarm\r\n                    - Verarbeitung mit Maschine oder von Hand', '<ul><li>Abdichtung von Kelleraußenwänden, Bodenplatten, Balkonen und Terrassen</li><li>Feuchteschutzschicht unter Estrichen</li><li>Verklebung von Dämm- und Dränageplatten</li></ul>\r\n\r\n\r\n', '', '', '', '', '', '', '', '', '', '', 'Pulver 1 : Flüssigkomponente 2,5', '', '', '', '', '~ 90 Minuten', '', '6 mm', '- Bodenfeuchte nass: 4,2 mm trocken: 3,0 mm\r\n- nicht drückendes Wasser nass: 4,2 mm trocken: 3,0 mm\r\n- aufstauendes Sickerwasser nass: 5,8 mm trocken: 4,0 mm\r\n- Fugenabdichtung WU-Beton nass: 5,8 mm trocken: 4,0 mm', '', '', '', '', '', '', '', '', '', '', '+ 5 °C bis + 30 °C', '', '', '', '', '17', 1430905603, 1384261822, 2, 0, 0, 0, 0, 0, 0, 0, '', 0, 0, 0, 0, 0, 253952, 0, 0, 0, '\r\n<ul><li>einrühren der Pulverkomponente in die Flüssigkomponente (nicht umgekehrt), bis eine homogene und pastöse Masse entstanden ist</li><li>BOTAMENT&nbsp;BM 92 Schnell mittels Maurerkelle, Glätter oder Spritzgerät in mindestens zwei Lagen auftragen (Die erste Lage muss soweit durchtrocknet sein, dass diese beim Auftrag der zweiten Schicht nicht mehr beschädigt werden kann.)</li><li>Innen- und Außenkanten sorgfältig mit BOTAMENT&nbsp;BM 92 Schnell überdecken</li><li>auf den Stirnseiten der Fundamente bzw. der Bodenplatte BOTAMENT&nbsp;BM 92 Schnell mindestens 10 cm tief herabführen</li></ul>\r\n\r\nJe nach Lastfall ist das Glasseidengewebe BOTAMENT&nbsp;GS 98 in die erste Lage einzuarbeiten.', 0);
INSERT INTO `baustoff_produkt` (`uid`, `pid`, `name`, `bezeichnung`, `eingangstext`, `bild`, `eigenschaften`, `anwendungsbereiche`, `geeigneteuntergruende`, `mischverhaeltnis`, `materialdichte`, `rollenmasse`, `raumgewicht`, `temperaturbestaendigkeit`, `waermedurchlasswiderstand`, `trittschallverbesserungsmass`, `materialbasis`, `farbtoene`, `anmischverhaeltnis`, `optimalerwasserstoffwert`, `reifezeit`, `belegreife`, `einlegezeit`, `verarbeitungszeit`, `schichtdicke`, `maxauftragsstaerke`, `erforderlicheschichtstaerken`, `begehbar`, `chemischundmechanischbelastbar`, `mechanischbelastbar`, `chemischbelastbar`, `vollbelastbar`, `belastbar`, `verfugbar`, `schleifbar`, `verarbeitungsbedingungen`, `verarbeitungstemperatur`, `verarbeitungsunduntergrundtemperatur`, `trocknungszeit`, `aushaertezeit`, `zeitabstandzwischendeneinzelnenauftraegen`, `zeitabstandzwischenletztemauftragundverlegen`, `kategorien`, `tstamp`, `crdate`, `cruser_id`, `deleted`, `hidden`, `starttime`, `endtime`, `t3ver_oid`, `t3ver_id`, `t3ver_wsid`, `t3ver_label`, `t3ver_state`, `t3ver_stage`, `t3ver_count`, `t3ver_tstamp`, `t3ver_move_id`, `sorting`, `t3_origuid`, `sys_language_uid`, `l10n_parent`, `verarbeitung`, `ausblenden`) VALUES
(38, 24, 'W98', 'ist ein farbloser, wasserverdünnbarer Grundieranstrich mit feuchtigkeitsregulierender, wetterbeständiger und geruchsarmer Eigenschaft', 'Rostschutz-Grundierung – schützt Eisen und Stahl zuverlässig vor Korrosion Für den Innen- und Außenbereich ', 'W98.jpg', ' - für innen und aussen\r\n                    - Gebrauchsfertig\r\n                    - Sehr hohes Eindringvermögen', '<ul><li>waterproofing of external basement walls, floor slabs, balconies and terraces</li><li>moisture protection layer under screeds</li><li>bonding of insulation and drainage boards</li></ul>\r\n\r\n', '', '', '', '', '', '', '', '', '', '', 'Powder 1 : liquid component 2.5', '', '', '', '', '~ 90 minutes', '', '6 mm', '- Bodenfeuchte 4.2 mm 3.0 mm\r\n- nicht drückendes Wasser 4.2 mm 3.0 mm\r\n- aufstauendes Sickerwasser 5.8 mm 4.0\r\n- Fugenabdichtung WU-Beton 5.8 mm 4.0', '', '', '', '', '', '', '', '', '', '', '+ 5 °C to + 30 °C', '', '', '', '', '17', 1436623583, 1384262712, 2, 0, 0, 0, 0, 0, 0, 0, '', 0, 0, 0, 0, 0, 256768, 37, 4, 37, '\r\n<ul><li>add the powder component to the liquid component (not the other way round) and stir until a homogenous, paste-like compound is formed</li><li>apply BOTAMENT<span style=\"vertical-align: super; font-size: 10px;\">®</span> BM 92 Schnell using a brick trowel, a smoothing trowel or a spray applicator in at least two layers (The first layer must be cured so far that the application of the second layer cannot damage it any more.)</li><li>cover internal and external edges with BOTAMENT<span style=\"vertical-align: super; font-size: 10px;\">®</span> BM 92 Schnell carefully</li><li>run BOTAMENT<span style=\"vertical-align: super; font-size: 10px;\">®</span> BM 92 Schnell at least 10 cm deep onto the facing side of the foundation or the floor slab</li></ul>\r\n\r\nDepending on the load case, the glass fibre fabric BOTAMENT<span style=\"vertical-align: super; font-size: 10px;\">®</span> GS 98 may have to be integrated into the first layer.', 0),
(39, 24, 'V36', 'schützt Eisen und Stahl zuverlässig vor Korrosion Für den Innen- und Außenbereich', 'Rostschutz-Grundierung – schützt Eisen und Stahl zuverlässig vor Korrosion Für den Innen- und Außenbereich ', 'V36.jpg', '- Diffusionsoffen\r\n                    - Oberflächenverfestigend\r\n                    - Staubbindend', 'Abdichtung von:\r\n\r\n<ul><li>Kelleraußen- und Innenwänden</li><li>Bodenplatten</li><li>spritzwasserbelasteten Wandsockeln</li><li>Feuchträumen</li><li>Wasserbehältern</li></ul>\r\n\r\n\r\n', '\r\n<ul><li>Beton (Festigkeitsklasse ≥ C 12/15 gemäß EN 206)</li><li>vollfugiges Mauerwerk</li><li>Putze der Mörtelgruppen P II und P III gemäß DIN V 18550 (Putzkategorien CS II, CS III und CS IV gemäß EN 998, Druckfestigkeit ≥ 2,5 N/mm²)</li></ul>\r\n\r\n\r\n', '', '', '', '', '', '', '', '', '', 'schlammförmig ~ 6,00 l Wasser/ 25 kg \r\nputzförmig ~ 4,75 l Wasser/ 25 kg', '', '5 Minuten', '', '', '~ 3 Stunden', '', '3,5 mm', '', 'nach ~ 12 Stunden', '', '', '', '', 'nach ~ 5 Tagen', '', '', '', '', '+ 5 °C bis + 30 °C', '', '', '~ 4 Stunden', '', '17', 1412586839, 1384264508, 2, 0, 0, 0, 0, 0, 0, 0, '', 0, 0, 0, 0, 0, 253184, 0, 0, 0, '\r\n<ul><li>anmischen mit kaltem, sauberem Wasser unter ständigem Rühren mit langsam laufendem Rührwerk, bis eine homogene Masse entstanden ist</li><li>nach Reifezeit nochmals kurz durchrühren</li><li>vollflächiges, sattes Aufschlämmen der ersten Lage mittels Quast (Ecken und gebrochene Kanten sorgfältig überdecken)</li><li>zweite Lage bzw. weitere Lagen aufschlämmen, aufputzen oder mittels geeignetem Gerät aufspritzen</li></ul>\r\n\r\n\r\n', 0),
(40, 24, 'V3', 'ist ein farbloser, wasserverdünnbarer Grundieranstrich mit feuchtigkeitsregulierender, wetterbeständiger und geruchsarmer Eigenschaft', 'Zement Grundierung - Zur Oberflächenverfestigung und Regulierung des Saugverhaltens auf saugenden UntergründenGrundierung für saugende Untergründe. Zur Oberflächenverfestigung und Regulierung des Saugverhaltens. Schnell trocknend, dampfdiffusionsoffen. Für optimalen Halt von Fliesenklebern, Spachtelmassen etc.', 'V3.jpg', '- Saugfähigkeitregulierend\r\n                    - Lösemittel- und weichmacherfrei, -emmisionsarm\r\n                    - Verarbeitung mit Maschine oder von Hand', 'Waterproofing of:\r\n\r\n<ul><li>basement walls</li><li>floor slabs</li><li>splash water zones of base walls</li><li>moist rooms</li><li>water containers</li></ul>\r\n\r\n\r\n', '\r\n<ul><li>concrete (strenght class ≥ C 12/15 in accordance with EN 206)</li><li>joint full brickwork</li><li>lime cement plasters and cement plasters of the mortar categories CS II, CS III and CS IV in accordance with EN 998, compressive strength ≥ 2.5 N/mm²)</li></ul>\r\n\r\n\r\n', '', '', '', '', '', '', '', '', '', 'slurry type ~ 6.00 l water/ 25 kg \r\nplaster type ~ 4.75 l water/ 25 kg', '', '5 minutes', '', '', '~ 3 hours', '', '3.5 mm', '', 'after ~ 12 hours', '', '', '', '', 'after ~ 5 days', '', '', '', '', '+ 5 °C to + 30 °C', '', '', '~ 4 hours', '', '17', 1412587066, 1384264915, 2, 0, 0, 0, 0, 0, 0, 0, '', 0, 0, 0, 0, 0, 253696, 39, 4, 39, '- mix up using cold, clean water while stirring with a slow rotating agitator until a homogenous mass has formed\r\n- briefly stir again after the maturing time\r\n- apply the first layer saturating the whole area by using a pasting brush\r\n- second layer and if needed any subsequent layers may either be slurry grouted, plastered or may be applied with a suitable spray gun', 0),
(41, 24, 'O49', 'schützt Eisen und Stahl zuverlässig vor Korrosion Für den Innen- und Außenbereich', 'Holzgrundierung - ist ein farbloser, wasserverdünnbarer Grundieranstrich mit feuchtigkeitsregulierender, wetterbeständiger und geruchsarmer Eigenschaft. Der Holzgrund ist für den Einsatz auf maßhaltigen Holzauteilen, wie z.B. Verkleidungen, Vertäfelungen, Fenster und Türen im Innen- und Außenbereich konzipiert.', 'O49.jpg', '- Diffusionsoffen\r\n                    - Oberflächenverfestigend\r\n                    - Staubbindend', 'Abdichtung von:\r\n<ul><li>Kelleraußen- und Innenwänden</li><li>Bodenplatten</li><li>Spritzwasserbelasteten Wandsockeln</li><li>Feuchträumen</li></ul>\r\n\r\n\r\n', '<ul><li>Beton (Festigkeitsklasse ≥ C 12/15 gemäß EN 206)</li><li>Vollfugiges Mauerwerk</li><li>Putze der Mörtelgruppen P II und P III gemäß DIN V 18550 (Putzkategorien CS II, CS III und CS IV gemäß EN 998, Druckfestigkeit ≥ 2,5 N/mm²)</li></ul>\r\n\r\n\r\n', '', '', '', '', '', '', '', '', '', 'schlammförmig:\r\n~ 5,5 l Wasser/ 25 kg\r\n~ 1,1 l Wasser/ 5 kg\r\n\r\nputzförmig:\r\n~ 4,8 l Wasser/ 25 kg\r\n~ 1,0 l Wasser/ 5 kg', '', '5 Minuten', '', '', '~ 1 Stunde', '', '3,5 mm', '', 'nach ~ 12 Stunden', '', '', '', '', 'nach ~ 5 Tagen', '', '', '', '', '+ 5 °C bis + 30 °C', '', '', '~ 4 Stunden', '', '18', 1412585190, 1384266180, 2, 0, 0, 0, 0, 0, 0, 0, '', 0, 0, 0, 0, 0, 250368, 0, 0, 0, '\r\n<ul><li>anmischen mit kaltem, sauberem Wasser unter ständigem Rühren mit langsam laufendem Rührwerk, bis eine homogene Masse entstanden ist</li><li>nach Reifezeit nochmals kurz durchrühren</li><li>vollflächiges, sattes Aufschlämmen der ersten Lage mittels Quast (Ecken und gebrochene Kanten sorgfältig überdecken)</li><li>zweite Lage bzw. weitere Lagen aufschlämmen, aufputzen oder mittels geeignetem Gerät aufspritzen</li></ul>\r\n\r\n\r\n', 0),
(42, 24, 'P21', 'schützt Eisen und Stahl zuverlässig vor Korrosion Für den Innen- und Außenbereich', 'Zement Grundierung - Zur Oberflächenverfestigung und Regulierung des Saugverhaltens auf saugenden UntergründenGrundierung für saugende Untergründe. Zur Oberflächenverfestigung und Regulierung des Saugverhaltens. Schnell trocknend, dampfdiffusionsoffen. Für optimalen Halt von Fliesenklebern, Spachtelmassen etc.', 'P21.jpg', '- Saugfähigkeitregulierend\r\n                    - Lösemittel- und weichmacherfrei, -emmisionsarm\r\n                    - Verarbeitung mit Maschine oder von Hand', 'Waterproofing of:\r\n\r\n<ul><li>basement walls</li><li>floor slabs</li><li>splash water zones of base walls</li><li>moist rooms</li></ul>\r\n\r\n\r\n', '\r\n<ul><li>concrete (strenght class ≥ C 12/15 in accordance with EN 206)</li><li>joint full brickwork</li><li>lime cement plasters and cement plasters of the mortar categories CS II, CS III and CS IV in accordance with EN 998, compressive strength ≥ 2.5 N/mm²)</li></ul>\r\n\r\n\r\n', '', '', '', '', '', '', '', '', '', 'slurry type:\r\n~ 5.5 l water/ 25 kg\r\n~ 1.1 l of water/ 5 kg\r\n\r\nplaster type:\r\n~ 4.8 l water/ 25 kg\r\n~ 1.0 l of water/ 5 kg', '', '5 minutes', '', '', '~ 1 hour', '', '3.5 mm', '', 'after ~ 12 hours', '', '', '', '', 'after ~ 5 days', '', '', '', '', '+ 5 °C to + 30 °C', '', '', '~ 4 hours', '', '18', 1412585953, 1384266752, 2, 0, 0, 0, 0, 0, 0, 0, '', 0, 0, 0, 0, 0, 252928, 41, 4, 41, '\r\n<ul><li>mix up using cold, clean water while stirring with a slow rotating agitator until a homogenous mass has formed</li><li>briefly stir again after the maturing time</li><li>apply the first layer saturating the whole area by using a pasting brush</li><li>second layer and if needed any subsequent layers may either be slurry grouted, plastered or may be applied with a suitable spray gun</li></ul>\r\n\r\n\r\n', 0),
(45, 24, 'Y28', 'Zur Oberflächenverfestigung und Regulierung des Saugverhaltens auf saugenden UntergründenGrundierung für saugende Untergründe', 'Holzgrundierung - ist ein farbloser, wasserverdünnbarer Grundieranstrich mit feuchtigkeitsregulierender, wetterbeständiger und geruchsarmer Eigenschaft. Der Holzgrund ist für den Einsatz auf maßhaltigen Holzauteilen, wie z.B. Verkleidungen, Vertäfelungen, Fenster und Türen im Innen- und Außenbereich konzipiert.', 'Y28.jpg', '- Diffusionsoffen\r\n                    - Oberflächenverfestigend\r\n                    - Staubbindend', 'Étanchéité de:\r\n\r\n<ul><li>Murs de caves en intérieur et extérieurs</li><li>Dalles basses</li><li>Les cavets de murs sollicités par l’eau d’éclaboussures</li><li>Zones humides</li></ul>\r\n\r\n\r\n', '\r\n<ul><li>béton (classe de compacité ≥ C 12/15 selon EN 206)</li><li>Maçonnerie jointoyée</li><li>Enduits des catégories CS II, CS III et CS IV, selon la norme NF EN 998 (résistance à la compression ≥ 2,5 N/mm<span style=\"font-size: 10px; vertical-align: super;\">2</span>)</li></ul>\r\n\r\n\r\n', '', '', '', '', '', '', '', '', '', 'badigeon:\r\n~ 5,5 l d‘eau / 25 kg\r\n~ 1,1 l d‘eau / 5 kg\r\n\r\nenduit:\r\n~ 4,8 l d‘eau / 25 kg\r\n ~ 1,0 l d‘eau / 5 kg', '', '5 minutes', '', '', '~ 1 heure', '', '3,5 mm', '', 'après ~ 12 heures', '', '', '', '', 'après ~ 5 jours', '', '', '', '', '+ 5 °C à + 30 °C', '', '', '~ 4 heures', '', '18', 1412586022, 1384269417, 2, 0, 0, 0, 0, 0, 0, 0, '', 0, 0, 0, 0, 0, 252416, 41, 1, 41, '\r\n<ul><li>mélanger avec de l\'eau propre et froide en remuant en permanence à l\'aide d\'un agitateur électrique à vitesse lente jusqu\'à obtention d\'une pâte homogène et ferme</li><li>laisser reposer quelques instants et mélanger brièvement de nouveau</li><li>La première application est sur toute la surface badigeonnée avec un balai (Les angles et les bords réfractés doivent être soigneusement recouverts)</li><li>La deuxième couche comme les autres couches sont à étaler, enduire ou pulvériser avec une machine adaptée</li></ul>\r\n\r\n\r\n', 0),
(46, 24, 'W70', 'schützt Eisen und Stahl zuverlässig vor Korrosion Für den Innen- und Außenbereich', 'Rostschutz-Grundierung – schützt Eisen und Stahl zuverlässig vor Korrosion Für den Innen- und Außenbereich ', 'W70.jpg', ' - für innen und aussen\r\n                    - Gebrauchsfertig\r\n                    - Sehr hohes Eindringvermögen', 'Afdichting van:\r\n\r\n<ul><li>kelderbuiten- en binnenmuren</li><li>bodemplaten</li><li>met spatwater belaste muursokkels</li><li>vochtige ruimten</li></ul>\r\n\r\n\r\n', '\r\n<ul><li>beton (sterkteklasse ≥ C 12/15 volgens EN 206)</li><li>vol metselwerk</li><li>pleisters CS II, CS III en CS IV overeenkomistig NEN EN 998 (drukvastheid ≥ 2,5 N/mm²)</li></ul>\r\n\r\n\r\n', '', '', '', '', '', '', '', '', '', 'als dichtlaag:\r\n~ 5,5 l water/ 25 kg\r\n~ 1,1 l water/ 5 kg\r\n\r\nals pleister:\r\n~ 4,8 l water/ 25 kg\r\n~ 1,0 l water/ 5 kg', '', '5 minuten', '', '', '~ 1 uur', '', '3,5 mm', '', 'nach ~ 12 uur', '', '', '', '', 'na ~ 5 dagen', '', '', '', '', '+ 5 °C tot + 30 °C', '', '', '~ 4 uur', '', '18', 1412586207, 1384270083, 2, 0, 0, 0, 0, 0, 0, 0, '', 0, 0, 0, 0, 0, 251904, 41, 6, 41, '\r\n<ul><li>met een langzaam draaiende roerinstallatie onder voortdurend roeren in koud, zuiver water vermengen totdat een stevige, dikke, homogene massa ontstaan is</li><li>Na de rusttijd wordt het materiaal nogmaals kort omgeroerd</li><li>volledig en overvloedig aanbrengen van de eerste laag d.m.v. een kwast (hoeken en gebroken kanten zorgvuldig bedekken)</li><li>de tweede, resp. verdere lagen aanbrengen, plamuren of d.m.v. geschikt gereedschap spuiten</li></ul>\r\n\r\n\r\n', 0),
(47, 24, 'L80', 'Zur Oberflächenverfestigung und Regulierung des Saugverhaltens auf saugenden UntergründenGrundierung für saugende Untergründe', 'Holzgrundierung - ist ein farbloser, wasserverdünnbarer Grundieranstrich mit feuchtigkeitsregulierender, wetterbeständiger und geruchsarmer Eigenschaft. Der Holzgrund ist für den Einsatz auf maßhaltigen Holzauteilen, wie z.B. Verkleidungen, Vertäfelungen, Fenster und Türen im Innen- und Außenbereich konzipiert.', 'L80.jpg', '- Saugfähigkeitregulierend\r\n                    - Lösemittel- und weichmacherfrei, -emmisionsarm\r\n                    - Verarbeitung mit Maschine oder von Hand', 'Izolacja:\r\n\r\n<ul><li>zewnętrznych i wewnętrznych ścian piwnic</li><li>płyt fundamentowych</li><li>obciążonej wodą rozbryzgową strefy cokołowej</li><li>pomieszczeń wilgotnych</li></ul>\r\n\r\n\r\n', '\r\n<ul><li>beton (klasa ≥ C 12/15 zgodnie z PN-EN 206-1)</li><li>mur pełnosopinowy</li><li>tynki kategorii CS II, CS III oraz CS IV zgodnie z PN- EN 998-1, wytrzymałość na ściskanie ≥ 2,5 N/mm²)</li></ul>\r\n\r\n\r\n', '', '', '', '', '', '', '', '', '', 'masa szlamowa:\r\n~ 5,5 l wody/ 25 kg\r\n~ 1,1 l wody/ 5 kg\r\n\r\nmasa tynkarska:\r\n~ 4,8 l wody/ 25 kg\r\n~ 1,0 l wody/ 5 kg', '', '5 minut', '', '', '~ 1 h', '', '3,5 mm', '', 'po ok. 12 h', '', '', '', '', 'po ok. 5 dniach', '', '', '', '', 'od+ 5°C do + 30°C', '', '', 'ok. 4 h', '', '18', 1412586324, 1384411763, 2, 0, 0, 0, 0, 0, 0, 0, '', 0, 0, 0, 0, 0, 251392, 41, 2, 41, '- Materiał mieszać z czystą, zimną wodą przy użyciu wolnoobrotowego mieszadła, aż do uzyskania jednorodnej konsystencji.\r\n- Po czasie dojrzewania należy materiał jeszcze raz krótko zamieszać.\r\n- Pierwszą warstwę nanosić pędzlem, całopowierzchniowo i obficie, jako masę szlamową (narożniki oraz załamania starannie pokryć).\r\n- Drugą, względnie kolejne warstwy nanosić metodą szlamowania, tynkarską lub przy użyciu odpowiedniego urządzenia natryskowego.', 0),
(48, 24, 'L83', 'ist ein farbloser, wasserverdünnbarer Grundieranstrich mit feuchtigkeitsregulierender, wetterbeständiger und geruchsarmer Eigenschaft', 'Zement Grundierung - Zur Oberflächenverfestigung und Regulierung des Saugverhaltens auf saugenden UntergründenGrundierung für saugende Untergründe. Zur Oberflächenverfestigung und Regulierung des Saugverhaltens. Schnell trocknend, dampfdiffusionsoffen. Für optimalen Halt von Fliesenklebern, Spachtelmassen etc.', 'L83.jpg', '- Saugfähigkeitregulierend\r\n                    - Lösemittel- und weichmacherfrei, -emmisionsarm\r\n                    - Verarbeitung mit Maschine oder von Hand', 'Pro izolování:\r\n<ul><li>sklepní zdivo z vnitřní i vnější strany</li><li>základové desky</li><li>sokly zatěžované odstřikující vodou</li><li>vlhké prostory</li></ul>\r\n\r\n\r\n', '<ul><li>beton (s pevností ≥ C 12/15 dle EN 206)</li><li>plně zaspárované zdivo</li><li>cementové a vápenocementové omítky kategorií CS II, CS III a CS IV dle EN 998 (pevnost v tlaku ≥ 2,5 N/mm<span style=\"vertical-align: super; font-size: 10px;\">2</span>)</li></ul>\r\n\r\n\r\n', '', '', '', '', '', '', '', '', '', 'řídká konzistence:\r\n~ 5,5 l vody / 25 kg\r\n~ 1,1 l vody / 5 kg\r\n\r\npro stěrkování: \r\n~ 4,8 l vody / 25 kg\r\n~ 1, l vody / 5 kg', '', '5 minut', '', '', '~ 1 hodina', '', '3,5 mm', '', 'nach ~ 12 Stunden', '', '', '', '', 'za ~ 5 dní', '', '', '', '', '+5°C až +30°C', '', '', '~ 4 hodiny', '', '18', 1412585896, 1384412746, 2, 0, 0, 0, 0, 0, 0, 0, '', 0, 0, 0, 0, 0, 250880, 41, 3, 41, '\r\n<ul><li>rozmíchat pomocí pomaluběžného míchadla do čisté studené vody až vznikne homogenní hmota</li><li>po uplynutí zrání hmotu ještě jednou krátce promíchat</li><li>celoplošně, zplna zatřít první vrstvu pomocí štětky (pečlivě překrýt kouty a sražené hrany)</li><li>druhou, resp. další vrstvy natřít, nastěrkovat nebo nastříkat pomocí vhodného zařízení</li></ul>\r\n\r\n\r\n', 0),
(49, 24, 'X18', 'Zur Oberflächenverfestigung und Regulierung des Saugverhaltens auf saugenden UntergründenGrundierung für saugende Untergründe', 'Holzgrundierung - ist ein farbloser, wasserverdünnbarer Grundieranstrich mit feuchtigkeitsregulierender, wetterbeständiger und geruchsarmer Eigenschaft. Der Holzgrund ist für den Einsatz auf maßhaltigen Holzauteilen, wie z.B. Verkleidungen, Vertäfelungen, Fenster und Türen im Innen- und Außenbereich konzipiert.', 'X18.jpg', '- Diffusionsoffen\r\n                    - Oberflächenverfestigend\r\n                    - Staubbindend', '\r\n<ul><li>Afdichting van kelderbuitenmuren, bodemplaten, balkons en terrassen</li><li>vochtbeschermingslaag onder dekvloeren</li><li>verlijming van isolatie- en drainageplaten</li></ul>\r\n\r\n\r\n', '', '', '~ 1,15 kg/ dm³', '', '', '- 20 °C tot + 80 °C', '', '', 'bitumen-rubber-emulsie (Vloeistof)', '', 'poeder 1 : vloeistof 2,5', '', '', '', '', '~ 90 minuten', '', '6 mm', 'grondwater nat: 4,2 mm droog: 3,0 mm\r\nniet-stuwend kwelwater nat: 4,2 mm droog: 3,0 mm\r\nstuwend kwelwater nat: 5,8 mm droog: 4,0\r\nvoegafdichting WO-beton nat: 5,8 mm droog: 4,0', '', '', '', '', '', '', '', '', '', '', '+ 5 °C tot + 30 °C', '', '', '', '', '17', 1436623666, 1384413550, 2, 0, 0, 0, 0, 0, 0, 0, '', 0, 0, 0, 0, 0, 256256, 37, 6, 37, '- de poedercomponent door de vloeistofcomponent roeren (niet omgekeerd) totdat een homogene en pastavormige massa ontstaat\r\n- BOTAMENT® BM 92 Schnell met een metseltruweel, spatel of spuitmachine in minstens twee lagen aanbrengen. (De eerste laag moet zodanig uitgedroogd zijn, dat ze bij het aanbrengen van de tweede laag niet meer beschadigd kan worden.)\r\n- Binnen- en buitenhoeken zorgvuldig met BOTAMENT® BM 92 Schnell bedekken\r\n- op de kopse kant van de fundamenten, resp. de bodemplaat BOTAMENT® BM 92 Schnell minstens 10 cm diep aanbrengen\r\n\r\nAfhankelijk van de belasting is het glasvezelweefsel BOTAMENT® GS 98 in de eerste laag in te werken.', 0);

-- --------------------------------------------------------

--
-- Tabellenstruktur für Tabelle `cagtegories`
--

CREATE TABLE `cagtegories` (
  `id` int(11) NOT NULL,
  `uidBaustoff` int(11) NOT NULL,
  `name` varchar(255) COLLATE utf8_unicode_ci NOT NULL
) ENGINE=InnoDB DEFAULT CHARSET=utf8 COLLATE=utf8_unicode_ci;

--
-- Daten für Tabelle `cagtegories`
--

INSERT INTO `cagtegories` (`id`, `uidBaustoff`, `name`) VALUES
(1, 7777, 'Fliessentechnik 77'),
(6, 7777, 'Fliessentechnik 77'),
(7, 7777, 'Fliessentechnik 77'),
(8, 7777, 'Fliessentechnik 77'),
(9, 7777, 'Fliessentechnik 77'),
(10, 7777, 'Fliessentechnik 77'),
(11, 7777, 'Fliessentechnik 77'),
(12, 7777, 'Fliessentechnik 77'),
(13, 7777, 'Fliessentechnik 77'),
(14, 7777, 'Fliessentechnik 77');

-- --------------------------------------------------------

--
-- Tabellenstruktur für Tabelle `products`
--

CREATE TABLE `products` (
  `id` int(11) NOT NULL,
  `name` varchar(255) COLLATE utf8_unicode_ci NOT NULL,
  `$uidBaustoff` int(11) NOT NULL,
  `description` varchar(255) COLLATE utf8_unicode_ci NOT NULL,
  `intro_text` text COLLATE utf8_unicode_ci NOT NULL
) ENGINE=InnoDB DEFAULT CHARSET=utf8 COLLATE=utf8_unicode_ci;

--
-- Daten für Tabelle `products`
--

INSERT INTO `products` (`id`, `name`, `$uidBaustoff`, `description`, `intro_text`) VALUES
(224, 'E56', 1, 'schützt Eisen und Stahl zuverlässig vor Korrosion Für den Innen- und Außenbereich', 'Zement Grundierung - Zur Oberflächenverfestigung und Regulierung des Saugverhaltens auf saugenden UntergründenGrundierung für saugende Untergründe. Zur Oberflächenverfestigung und Regulierung des Saugverhaltens. Schnell trocknend, dampfdiffusionsoffen. Für optimalen Halt von Fliesenklebern, Spachtelmassen etc.'),
(225, 'G40', 2, 'Zur Oberflächenverfestigung und Regulierung des Saugverhaltens auf saugenden UntergründenGrundierung für saugende Untergründe', 'Holzgrundierung - ist ein farbloser, wasserverdünnbarer Grundieranstrich mit feuchtigkeitsregulierender, wetterbeständiger und geruchsarmer Eigenschaft. Der Holzgrund ist für den Einsatz auf maßhaltigen Holzauteilen, wie z.B. Verkleidungen, Vertäfelungen, Fenster und Türen im Innen- und Außenbereich konzipiert.'),
(226, 'J92', 3, 'schützt Eisen und Stahl zuverlässig vor Korrosion Für den Innen- und Außenbereich', 'Rostschutz-Grundierung – schützt Eisen und Stahl zuverlässig vor Korrosion Für den Innen- und Außenbereich '),
(227, 'R36', 4, 'ist ein farbloser, wasserverdünnbarer Grundieranstrich mit feuchtigkeitsregulierender, wetterbeständiger und geruchsarmer Eigenschaft', 'Holzgrundierung - ist ein farbloser, wasserverdünnbarer Grundieranstrich mit feuchtigkeitsregulierender, wetterbeständiger und geruchsarmer Eigenschaft. Der Holzgrund ist für den Einsatz auf maßhaltigen Holzauteilen, wie z.B. Verkleidungen, Vertäfelungen, Fenster und Türen im Innen- und Außenbereich konzipiert.'),
(228, 'B2', 5, 'Zur Oberflächenverfestigung und Regulierung des Saugverhaltens auf saugenden UntergründenGrundierung für saugende Untergründe', 'Holzgrundierung - ist ein farbloser, wasserverdünnbarer Grundieranstrich mit feuchtigkeitsregulierender, wetterbeständiger und geruchsarmer Eigenschaft. Der Holzgrund ist für den Einsatz auf maßhaltigen Holzauteilen, wie z.B. Verkleidungen, Vertäfelungen, Fenster und Türen im Innen- und Außenbereich konzipiert.'),
(229, 'K91', 6, 'schützt Eisen und Stahl zuverlässig vor Korrosion Für den Innen- und Außenbereich', 'Rostschutz-Grundierung – schützt Eisen und Stahl zuverlässig vor Korrosion Für den Innen- und Außenbereich '),
(230, 'D50', 11, 'ist ein farbloser, wasserverdünnbarer Grundieranstrich mit feuchtigkeitsregulierender, wetterbeständiger und geruchsarmer Eigenschaft', 'Rostschutz-Grundierung – schützt Eisen und Stahl zuverlässig vor Korrosion Für den Innen- und Außenbereich '),
(231, 'Q88', 7, 'ist ein farbloser, wasserverdünnbarer Grundieranstrich mit feuchtigkeitsregulierender, wetterbeständiger und geruchsarmer Eigenschaft', 'Holzgrundierung - ist ein farbloser, wasserverdünnbarer Grundieranstrich mit feuchtigkeitsregulierender, wetterbeständiger und geruchsarmer Eigenschaft. Der Holzgrund ist für den Einsatz auf maßhaltigen Holzauteilen, wie z.B. Verkleidungen, Vertäfelungen, Fenster und Türen im Innen- und Außenbereich konzipiert.'),
(232, 'D69', 8, 'Zur Oberflächenverfestigung und Regulierung des Saugverhaltens auf saugenden UntergründenGrundierung für saugende Untergründe', 'Zement Grundierung - Zur Oberflächenverfestigung und Regulierung des Saugverhaltens auf saugenden UntergründenGrundierung für saugende Untergründe. Zur Oberflächenverfestigung und Regulierung des Saugverhaltens. Schnell trocknend, dampfdiffusionsoffen. Für optimalen Halt von Fliesenklebern, Spachtelmassen etc.'),
(233, 'Y88', 9, 'Zur Oberflächenverfestigung und Regulierung des Saugverhaltens auf saugenden UntergründenGrundierung für saugende Untergründe', 'Holzgrundierung - ist ein farbloser, wasserverdünnbarer Grundieranstrich mit feuchtigkeitsregulierender, wetterbeständiger und geruchsarmer Eigenschaft. Der Holzgrund ist für den Einsatz auf maßhaltigen Holzauteilen, wie z.B. Verkleidungen, Vertäfelungen, Fenster und Türen im Innen- und Außenbereich konzipiert.'),
(234, 'E10', 10, 'ist ein farbloser, wasserverdünnbarer Grundieranstrich mit feuchtigkeitsregulierender, wetterbeständiger und geruchsarmer Eigenschaft', 'Holzgrundierung - ist ein farbloser, wasserverdünnbarer Grundieranstrich mit feuchtigkeitsregulierender, wetterbeständiger und geruchsarmer Eigenschaft. Der Holzgrund ist für den Einsatz auf maßhaltigen Holzauteilen, wie z.B. Verkleidungen, Vertäfelungen, Fenster und Türen im Innen- und Außenbereich konzipiert.'),
(235, 'H2', 14, 'schützt Eisen und Stahl zuverlässig vor Korrosion Für den Innen- und Außenbereich', 'Holzgrundierung - ist ein farbloser, wasserverdünnbarer Grundieranstrich mit feuchtigkeitsregulierender, wetterbeständiger und geruchsarmer Eigenschaft. Der Holzgrund ist für den Einsatz auf maßhaltigen Holzauteilen, wie z.B. Verkleidungen, Vertäfelungen, Fenster und Türen im Innen- und Außenbereich konzipiert.'),
(236, 'S91', 15, 'Zur Oberflächenverfestigung und Regulierung des Saugverhaltens auf saugenden UntergründenGrundierung für saugende Untergründe', 'Holzgrundierung - ist ein farbloser, wasserverdünnbarer Grundieranstrich mit feuchtigkeitsregulierender, wetterbeständiger und geruchsarmer Eigenschaft. Der Holzgrund ist für den Einsatz auf maßhaltigen Holzauteilen, wie z.B. Verkleidungen, Vertäfelungen, Fenster und Türen im Innen- und Außenbereich konzipiert.'),
(237, 'S67', 16, 'Zur Oberflächenverfestigung und Regulierung des Saugverhaltens auf saugenden UntergründenGrundierung für saugende Untergründe', 'Rostschutz-Grundierung – schützt Eisen und Stahl zuverlässig vor Korrosion Für den Innen- und Außenbereich '),
(238, 'Z72', 17, 'ist ein farbloser, wasserverdünnbarer Grundieranstrich mit feuchtigkeitsregulierender, wetterbeständiger und geruchsarmer Eigenschaft', 'Rostschutz-Grundierung – schützt Eisen und Stahl zuverlässig vor Korrosion Für den Innen- und Außenbereich '),
(239, 'W21', 18, 'schützt Eisen und Stahl zuverlässig vor Korrosion Für den Innen- und Außenbereich', 'Zement Grundierung - Zur Oberflächenverfestigung und Regulierung des Saugverhaltens auf saugenden UntergründenGrundierung für saugende Untergründe. Zur Oberflächenverfestigung und Regulierung des Saugverhaltens. Schnell trocknend, dampfdiffusionsoffen. Für optimalen Halt von Fliesenklebern, Spachtelmassen etc.'),
(240, 'J26', 20, 'schützt Eisen und Stahl zuverlässig vor Korrosion Für den Innen- und Außenbereich', 'Rostschutz-Grundierung – schützt Eisen und Stahl zuverlässig vor Korrosion Für den Innen- und Außenbereich '),
(241, 'X17', 21, 'schützt Eisen und Stahl zuverlässig vor Korrosion Für den Innen- und Außenbereich', 'Zement Grundierung - Zur Oberflächenverfestigung und Regulierung des Saugverhaltens auf saugenden UntergründenGrundierung für saugende Untergründe. Zur Oberflächenverfestigung und Regulierung des Saugverhaltens. Schnell trocknend, dampfdiffusionsoffen. Für optimalen Halt von Fliesenklebern, Spachtelmassen etc.'),
(242, 'S6', 22, 'Zur Oberflächenverfestigung und Regulierung des Saugverhaltens auf saugenden UntergründenGrundierung für saugende Untergründe', 'Rostschutz-Grundierung – schützt Eisen und Stahl zuverlässig vor Korrosion Für den Innen- und Außenbereich '),
(243, 'E57', 23, 'schützt Eisen und Stahl zuverlässig vor Korrosion Für den Innen- und Außenbereich', 'Holzgrundierung - ist ein farbloser, wasserverdünnbarer Grundieranstrich mit feuchtigkeitsregulierender, wetterbeständiger und geruchsarmer Eigenschaft. Der Holzgrund ist für den Einsatz auf maßhaltigen Holzauteilen, wie z.B. Verkleidungen, Vertäfelungen, Fenster und Türen im Innen- und Außenbereich konzipiert.'),
(244, 'N21', 24, 'ist ein farbloser, wasserverdünnbarer Grundieranstrich mit feuchtigkeitsregulierender, wetterbeständiger und geruchsarmer Eigenschaft', 'Zement Grundierung - Zur Oberflächenverfestigung und Regulierung des Saugverhaltens auf saugenden UntergründenGrundierung für saugende Untergründe. Zur Oberflächenverfestigung und Regulierung des Saugverhaltens. Schnell trocknend, dampfdiffusionsoffen. Für optimalen Halt von Fliesenklebern, Spachtelmassen etc.'),
(245, 'D82', 25, 'schützt Eisen und Stahl zuverlässig vor Korrosion Für den Innen- und Außenbereich', 'Zement Grundierung - Zur Oberflächenverfestigung und Regulierung des Saugverhaltens auf saugenden UntergründenGrundierung für saugende Untergründe. Zur Oberflächenverfestigung und Regulierung des Saugverhaltens. Schnell trocknend, dampfdiffusionsoffen. Für optimalen Halt von Fliesenklebern, Spachtelmassen etc.'),
(246, 'R53', 26, 'schützt Eisen und Stahl zuverlässig vor Korrosion Für den Innen- und Außenbereich', 'Zement Grundierung - Zur Oberflächenverfestigung und Regulierung des Saugverhaltens auf saugenden UntergründenGrundierung für saugende Untergründe. Zur Oberflächenverfestigung und Regulierung des Saugverhaltens. Schnell trocknend, dampfdiffusionsoffen. Für optimalen Halt von Fliesenklebern, Spachtelmassen etc.'),
(247, 'P62', 27, 'Zur Oberflächenverfestigung und Regulierung des Saugverhaltens auf saugenden UntergründenGrundierung für saugende Untergründe', 'Rostschutz-Grundierung – schützt Eisen und Stahl zuverlässig vor Korrosion Für den Innen- und Außenbereich '),
(248, 'U95', 28, 'ist ein farbloser, wasserverdünnbarer Grundieranstrich mit feuchtigkeitsregulierender, wetterbeständiger und geruchsarmer Eigenschaft', 'Rostschutz-Grundierung – schützt Eisen und Stahl zuverlässig vor Korrosion Für den Innen- und Außenbereich '),
(249, 'F56', 29, 'Zur Oberflächenverfestigung und Regulierung des Saugverhaltens auf saugenden UntergründenGrundierung für saugende Untergründe', 'Holzgrundierung - ist ein farbloser, wasserverdünnbarer Grundieranstrich mit feuchtigkeitsregulierender, wetterbeständiger und geruchsarmer Eigenschaft. Der Holzgrund ist für den Einsatz auf maßhaltigen Holzauteilen, wie z.B. Verkleidungen, Vertäfelungen, Fenster und Türen im Innen- und Außenbereich konzipiert.'),
(250, 'V66', 30, 'ist ein farbloser, wasserverdünnbarer Grundieranstrich mit feuchtigkeitsregulierender, wetterbeständiger und geruchsarmer Eigenschaft', 'Holzgrundierung - ist ein farbloser, wasserverdünnbarer Grundieranstrich mit feuchtigkeitsregulierender, wetterbeständiger und geruchsarmer Eigenschaft. Der Holzgrund ist für den Einsatz auf maßhaltigen Holzauteilen, wie z.B. Verkleidungen, Vertäfelungen, Fenster und Türen im Innen- und Außenbereich konzipiert.'),
(251, 'J94', 31, 'ist ein farbloser, wasserverdünnbarer Grundieranstrich mit feuchtigkeitsregulierender, wetterbeständiger und geruchsarmer Eigenschaft', 'Rostschutz-Grundierung – schützt Eisen und Stahl zuverlässig vor Korrosion Für den Innen- und Außenbereich '),
(252, 'B16', 33, 'Zur Oberflächenverfestigung und Regulierung des Saugverhaltens auf saugenden UntergründenGrundierung für saugende Untergründe', 'Rostschutz-Grundierung – schützt Eisen und Stahl zuverlässig vor Korrosion Für den Innen- und Außenbereich '),
(253, 'V97', 34, 'schützt Eisen und Stahl zuverlässig vor Korrosion Für den Innen- und Außenbereich', 'Zement Grundierung - Zur Oberflächenverfestigung und Regulierung des Saugverhaltens auf saugenden UntergründenGrundierung für saugende Untergründe. Zur Oberflächenverfestigung und Regulierung des Saugverhaltens. Schnell trocknend, dampfdiffusionsoffen. Für optimalen Halt von Fliesenklebern, Spachtelmassen etc.'),
(254, 'Z16', 35, 'ist ein farbloser, wasserverdünnbarer Grundieranstrich mit feuchtigkeitsregulierender, wetterbeständiger und geruchsarmer Eigenschaft', 'Rostschutz-Grundierung – schützt Eisen und Stahl zuverlässig vor Korrosion Für den Innen- und Außenbereich '),
(255, 'N71', 36, 'schützt Eisen und Stahl zuverlässig vor Korrosion Für den Innen- und Außenbereich', 'Zement Grundierung - Zur Oberflächenverfestigung und Regulierung des Saugverhaltens auf saugenden UntergründenGrundierung für saugende Untergründe. Zur Oberflächenverfestigung und Regulierung des Saugverhaltens. Schnell trocknend, dampfdiffusionsoffen. Für optimalen Halt von Fliesenklebern, Spachtelmassen etc.'),
(256, 'T73', 37, 'schützt Eisen und Stahl zuverlässig vor Korrosion Für den Innen- und Außenbereich', 'Holzgrundierung - ist ein farbloser, wasserverdünnbarer Grundieranstrich mit feuchtigkeitsregulierender, wetterbeständiger und geruchsarmer Eigenschaft. Der Holzgrund ist für den Einsatz auf maßhaltigen Holzauteilen, wie z.B. Verkleidungen, Vertäfelungen, Fenster und Türen im Innen- und Außenbereich konzipiert.'),
(257, 'S69', 38, 'ist ein farbloser, wasserverdünnbarer Grundieranstrich mit feuchtigkeitsregulierender, wetterbeständiger und geruchsarmer Eigenschaft', 'Rostschutz-Grundierung – schützt Eisen und Stahl zuverlässig vor Korrosion Für den Innen- und Außenbereich '),
(258, 'L50', 39, 'schützt Eisen und Stahl zuverlässig vor Korrosion Für den Innen- und Außenbereich', 'Rostschutz-Grundierung – schützt Eisen und Stahl zuverlässig vor Korrosion Für den Innen- und Außenbereich '),
(259, 'O23', 40, 'ist ein farbloser, wasserverdünnbarer Grundieranstrich mit feuchtigkeitsregulierender, wetterbeständiger und geruchsarmer Eigenschaft', 'Zement Grundierung - Zur Oberflächenverfestigung und Regulierung des Saugverhaltens auf saugenden UntergründenGrundierung für saugende Untergründe. Zur Oberflächenverfestigung und Regulierung des Saugverhaltens. Schnell trocknend, dampfdiffusionsoffen. Für optimalen Halt von Fliesenklebern, Spachtelmassen etc.'),
(260, 'Q82', 41, 'schützt Eisen und Stahl zuverlässig vor Korrosion Für den Innen- und Außenbereich', 'Holzgrundierung - ist ein farbloser, wasserverdünnbarer Grundieranstrich mit feuchtigkeitsregulierender, wetterbeständiger und geruchsarmer Eigenschaft. Der Holzgrund ist für den Einsatz auf maßhaltigen Holzauteilen, wie z.B. Verkleidungen, Vertäfelungen, Fenster und Türen im Innen- und Außenbereich konzipiert.'),
(261, 'B67', 42, 'schützt Eisen und Stahl zuverlässig vor Korrosion Für den Innen- und Außenbereich', 'Zement Grundierung - Zur Oberflächenverfestigung und Regulierung des Saugverhaltens auf saugenden UntergründenGrundierung für saugende Untergründe. Zur Oberflächenverfestigung und Regulierung des Saugverhaltens. Schnell trocknend, dampfdiffusionsoffen. Für optimalen Halt von Fliesenklebern, Spachtelmassen etc.'),
(262, 'P72', 45, 'Zur Oberflächenverfestigung und Regulierung des Saugverhaltens auf saugenden UntergründenGrundierung für saugende Untergründe', 'Holzgrundierung - ist ein farbloser, wasserverdünnbarer Grundieranstrich mit feuchtigkeitsregulierender, wetterbeständiger und geruchsarmer Eigenschaft. Der Holzgrund ist für den Einsatz auf maßhaltigen Holzauteilen, wie z.B. Verkleidungen, Vertäfelungen, Fenster und Türen im Innen- und Außenbereich konzipiert.'),
(263, 'O28', 46, 'schützt Eisen und Stahl zuverlässig vor Korrosion Für den Innen- und Außenbereich', 'Rostschutz-Grundierung – schützt Eisen und Stahl zuverlässig vor Korrosion Für den Innen- und Außenbereich '),
(264, 'F48', 47, 'Zur Oberflächenverfestigung und Regulierung des Saugverhaltens auf saugenden UntergründenGrundierung für saugende Untergründe', 'Holzgrundierung - ist ein farbloser, wasserverdünnbarer Grundieranstrich mit feuchtigkeitsregulierender, wetterbeständiger und geruchsarmer Eigenschaft. Der Holzgrund ist für den Einsatz auf maßhaltigen Holzauteilen, wie z.B. Verkleidungen, Vertäfelungen, Fenster und Türen im Innen- und Außenbereich konzipiert.'),
(265, 'M66', 48, 'ist ein farbloser, wasserverdünnbarer Grundieranstrich mit feuchtigkeitsregulierender, wetterbeständiger und geruchsarmer Eigenschaft', 'Zement Grundierung - Zur Oberflächenverfestigung und Regulierung des Saugverhaltens auf saugenden UntergründenGrundierung für saugende Untergründe. Zur Oberflächenverfestigung und Regulierung des Saugverhaltens. Schnell trocknend, dampfdiffusionsoffen. Für optimalen Halt von Fliesenklebern, Spachtelmassen etc.'),
(266, 'V85', 49, 'Zur Oberflächenverfestigung und Regulierung des Saugverhaltens auf saugenden UntergründenGrundierung für saugende Untergründe', 'Holzgrundierung - ist ein farbloser, wasserverdünnbarer Grundieranstrich mit feuchtigkeitsregulierender, wetterbeständiger und geruchsarmer Eigenschaft. Der Holzgrund ist für den Einsatz auf maßhaltigen Holzauteilen, wie z.B. Verkleidungen, Vertäfelungen, Fenster und Türen im Innen- und Außenbereich konzipiert.');

-- --------------------------------------------------------

--
-- Tabellenstruktur für Tabelle `products_categories_mapping`
--

CREATE TABLE `products_categories_mapping` (
  `product_id` int(11) NOT NULL,
  `category_id` int(11) NOT NULL
) ENGINE=InnoDB DEFAULT CHARSET=utf8 COLLATE=utf8_unicode_ci;

--
-- Daten für Tabelle `products_categories_mapping`
--

INSERT INTO `products_categories_mapping` (`product_id`, `category_id`) VALUES
(224, 14),
(225, 14),
(226, 14),
(227, 14),
(228, 14),
(229, 14),
(230, 14),
(231, 14),
(232, 14),
(233, 14),
(234, 14),
(235, 14),
(236, 14),
(237, 14),
(238, 14),
(239, 14),
(240, 14),
(241, 14),
(242, 14),
(243, 14),
(244, 14),
(245, 14),
(246, 14),
(247, 14),
(248, 14),
(249, 14),
(250, 14),
(251, 14),
(252, 14),
(253, 14),
(254, 14),
(255, 14),
(256, 14),
(257, 14),
(258, 14),
(259, 14),
(260, 14),
(261, 14),
(262, 14),
(263, 14),
(264, 14),
(265, 14),
(266, 14);

--
-- Indizes der exportierten Tabellen
--

--
-- Indizes für die Tabelle `baustoff_kategorie`
--
ALTER TABLE `baustoff_kategorie`
  ADD PRIMARY KEY (`uid`);

--
-- Indizes für die Tabelle `baustoff_produkt`
--
ALTER TABLE `baustoff_produkt`
  ADD PRIMARY KEY (`uid`),
  ADD KEY `parent` (`pid`),
  ADD KEY `t3ver_oid` (`t3ver_oid`,`t3ver_wsid`),
  ADD KEY `language` (`l10n_parent`,`sys_language_uid`);

--
-- Indizes für die Tabelle `cagtegories`
--
ALTER TABLE `cagtegories`
  ADD PRIMARY KEY (`id`);

--
-- Indizes für die Tabelle `products`
--
ALTER TABLE `products`
  ADD PRIMARY KEY (`id`);

--
-- Indizes für die Tabelle `products_categories_mapping`
--
ALTER TABLE `products_categories_mapping`
  ADD PRIMARY KEY (`product_id`,`category_id`),
  ADD KEY `IDX_51A13C964584665A` (`product_id`),
  ADD KEY `IDX_51A13C9612469DE2` (`category_id`);

--
-- AUTO_INCREMENT für exportierte Tabellen
--

--
-- AUTO_INCREMENT für Tabelle `baustoff_kategorie`
--
ALTER TABLE `baustoff_kategorie`
  MODIFY `uid` int(11) NOT NULL AUTO_INCREMENT;
--
-- AUTO_INCREMENT für Tabelle `baustoff_produkt`
--
ALTER TABLE `baustoff_produkt`
  MODIFY `uid` int(11) NOT NULL AUTO_INCREMENT, AUTO_INCREMENT=1282;
--
-- AUTO_INCREMENT für Tabelle `cagtegories`
--
ALTER TABLE `cagtegories`
  MODIFY `id` int(11) NOT NULL AUTO_INCREMENT, AUTO_INCREMENT=15;
--
-- AUTO_INCREMENT für Tabelle `products`
--
ALTER TABLE `products`
  MODIFY `id` int(11) NOT NULL AUTO_INCREMENT, AUTO_INCREMENT=267;
--
-- Constraints der exportierten Tabellen
--

--
-- Constraints der Tabelle `products_categories_mapping`
--
ALTER TABLE `products_categories_mapping`
  ADD CONSTRAINT `FK_51A13C9612469DE2` FOREIGN KEY (`category_id`) REFERENCES `cagtegories` (`id`) ON DELETE CASCADE,
  ADD CONSTRAINT `FK_51A13C964584665A` FOREIGN KEY (`product_id`) REFERENCES `products` (`id`) ON DELETE CASCADE;

/*!40101 SET CHARACTER_SET_CLIENT=@OLD_CHARACTER_SET_CLIENT */;
/*!40101 SET CHARACTER_SET_RESULTS=@OLD_CHARACTER_SET_RESULTS */;
/*!40101 SET COLLATION_CONNECTION=@OLD_COLLATION_CONNECTION */;
